operation,task_type,processor_or_recipe,size,row_count,feature_count,train_row_count,dataset_characteristics,median_ms,p95_ms,standard_deviation_ms,peak_memory_bytes,device,gpu_model,dtype,repetitions,correctness_status,constant,hard_outlier,sigma_outlier,categorical,missing,unknown_category
feature_fit,classification,TabICLv2 Recipe,tiny,300,10,240,baseline,1.330762,1.336061,0.008155415801103452,,cpu,,torch.float32,3,pass,False,False,False,False,False,False
feature_transform,classification,TabICLv2 Recipe,tiny,300,10,240,baseline,0.473858,0.63289,0.0841084843084612,,cpu,,torch.float32,3,pass,False,False,False,False,False,False
feature_fit_transform,classification,TabICLv2 Recipe,tiny,300,10,240,baseline,1.783729,1.917571,0.06739812975809409,,cpu,,torch.float32,3,pass,False,False,False,False,False,False
target_fit,classification,TabICLv2 Recipe,tiny,300,10,240,baseline,3.036979,3.08481,0.07074711564909666,,cpu,,torch.float32,3,pass,False,False,False,False,False,False
target_transform,classification,TabICLv2 Recipe,tiny,300,10,240,baseline,1.199,1.235859,0.12779745084659905,,cpu,,torch.float32,3,pass,False,False,False,False,False,False
target_fit_transform,classification,TabICLv2 Recipe,tiny,300,10,240,baseline,2.377428,2.380758,0.014604355446235862,,cpu,,torch.float32,3,pass,False,False,False,False,False,False
model_output_inverse_mapping,classification,TabICLv2 Recipe,tiny,300,10,240,baseline,0.110672,0.143942,0.022004892137886062,,cpu,,torch.float32,3,pass,False,False,False,False,False,False
output_transform,classification,TabICLv2 Recipe,tiny,300,10,240,baseline,0.067512,0.067752,0.0007049918833260125,,cpu,,torch.float32,3,pass,False,False,False,False,False,False
total_recipe_overhead,classification,TabICLv2 Recipe,tiny,300,10,240,baseline,6.91231,7.396087,0.2687985739822458,,cpu,,torch.float32,3,pass,False,False,False,False,False,False
fit,classification,StandardScale,tiny,300,10,240,baseline,0.105182,0.142963,0.01885395315459216,,cpu,,torch.float32,3,pass,False,False,False,False,False,False
fit_transform,classification,StandardScale,tiny,300,10,240,baseline,0.181983,0.200413,0.011314593830781356,,cpu,,torch.float32,3,pass,False,False,False,False,False,False
transform,classification,StandardScale,tiny,300,10,240,baseline,0.073171,0.075021,0.002042193809498886,,cpu,,torch.float32,3,pass,False,False,False,False,False,False
inverse_transform,classification,StandardScale,tiny,300,10,240,baseline,0.067891,0.070191,0.002629389451733786,,cpu,,torch.float32,3,pass,False,False,False,False,False,False
transform,classification,HardClip,tiny,300,10,240,baseline,0.052841,0.054001,0.0009635120941407827,,cpu,,torch.float32,3,pass,False,False,False,False,False,False
fit,classification,Power,tiny,300,10,240,baseline,87.886003,92.827522,5.776046724824532,,cpu,,torch.float32,3,pass,False,False,False,False,False,False
fit_transform,classification,Power,tiny,300,10,240,baseline,106.586792,111.799325,3.207647078535535,,cpu,,torch.float32,3,pass,False,False,False,False,False,False
transform,classification,Power,tiny,300,10,240,baseline,1.173839,1.185128,0.00690042303051046,,cpu,,torch.float32,3,pass,False,False,False,False,False,False
inverse_transform,classification,Power,tiny,300,10,240,baseline,1.82199,1.979742,0.1308427206899778,,cpu,,torch.float32,3,pass,False,False,False,False,False,False
fit,classification,SigmaClip,tiny,300,10,240,baseline,0.519018,0.553389,0.018265553865130953,,cpu,,torch.float32,3,pass,False,False,False,False,False,False
fit_transform,classification,SigmaClip,tiny,300,10,240,baseline,0.60443,0.643231,0.02774916252189725,,cpu,,torch.float32,3,pass,False,False,False,False,False,False
transform,classification,SigmaClip,tiny,300,10,240,baseline,0.088011,0.088212,0.0018593810798219958,,cpu,,torch.float32,3,pass,False,False,False,False,False,False
fit,classification,FeaturePermute,tiny,300,10,240,baseline,0.047661,0.054461,0.0032663197434829724,,cpu,,torch.float32,3,pass,False,False,False,False,False,False
fit_transform,classification,FeaturePermute,tiny,300,10,240,baseline,0.125222,0.125862,0.0018807564081152722,,cpu,,torch.float32,3,pass,False,False,False,False,False,False
transform,classification,FeaturePermute,tiny,300,10,240,baseline,0.066101,0.071772,0.003029680987973635,,cpu,,torch.float32,3,pass,False,False,False,False,False,False
inverse_transform,classification,FeaturePermute,tiny,300,10,240,baseline,0.075851,0.081851,0.00349552412220097,,cpu,,torch.float32,3,pass,False,False,False,False,False,False
transform,classification,SoftmaxTemperature,tiny,300,10,240,baseline,0.067831,0.069681,0.0010297896225281522,,cpu,,torch.float32,3,pass,False,False,False,False,False,False
fit,classification,ClassShuffle,tiny,300,10,240,baseline,0.074451,0.076921,0.0011787658329324325,,cpu,,torch.float32,3,pass,False,False,False,False,False,False
fit_transform,classification,ClassShuffle,tiny,300,10,240,baseline,0.457197,0.61809,0.07663291941167032,,cpu,,torch.float32,3,pass,False,False,False,False,False,False
transform,classification,ClassShuffle,tiny,300,10,240,baseline,0.359856,0.363405,0.013154673956008518,,cpu,,torch.float32,3,pass,False,False,False,False,False,False
feature_fit,classification,TabICLv2 Recipe,tiny,300,10,240,constant,2.200285,2.428499,0.1359861093649723,,cpu,,torch.float32,3,pass,True,False,False,False,False,False
feature_transform,classification,TabICLv2 Recipe,tiny,300,10,240,constant,0.751241,0.798972,0.08274707390999798,,cpu,,torch.float32,3,pass,True,False,False,False,False,False
feature_fit_transform,classification,TabICLv2 Recipe,tiny,300,10,240,constant,2.006162,2.186185,0.16191180478341355,,cpu,,torch.float32,3,pass,True,False,False,False,False,False
target_fit,classification,TabICLv2 Recipe,tiny,300,10,240,constant,2.990188,3.024448,0.177519936618085,,cpu,,torch.float32,3,pass,True,False,False,False,False,False
target_transform,classification,TabICLv2 Recipe,tiny,300,10,240,constant,1.295021,1.323432,0.047104675273975306,,cpu,,torch.float32,3,pass,True,False,False,False,False,False
target_fit_transform,classification,TabICLv2 Recipe,tiny,300,10,240,constant,2.431959,3.323263,0.4261503176113121,,cpu,,torch.float32,3,pass,True,False,False,False,False,False
model_output_inverse_mapping,classification,TabICLv2 Recipe,tiny,300,10,240,constant,0.119372,0.124752,0.002992004159236564,,cpu,,torch.float32,3,pass,True,False,False,False,False,False
output_transform,classification,TabICLv2 Recipe,tiny,300,10,240,constant,0.070291,0.093621,0.011306305526858303,,cpu,,torch.float32,3,pass,True,False,False,False,False,False
total_recipe_overhead,classification,TabICLv2 Recipe,tiny,300,10,240,constant,9.722606,9.974689,0.15997824131008115,,cpu,,torch.float32,3,pass,True,False,False,False,False,False
feature_fit,classification,TabICLv2 Recipe,tiny,300,10,240,hard_outlier,1.805838,1.836379,0.16825222116480032,,cpu,,torch.float32,3,pass,False,True,False,False,False,False
feature_transform,classification,TabICLv2 Recipe,tiny,300,10,240,hard_outlier,0.64057,0.645231,0.01982945318347322,,cpu,,torch.float32,3,pass,False,True,False,False,False,False
feature_fit_transform,classification,TabICLv2 Recipe,tiny,300,10,240,hard_outlier,1.605755,1.796568,0.18359555608093203,,cpu,,torch.float32,3,pass,False,True,False,False,False,False
target_fit,classification,TabICLv2 Recipe,tiny,300,10,240,hard_outlier,2.409469,2.892276,0.2362638258994945,,cpu,,torch.float32,3,pass,False,True,False,False,False,False
target_transform,classification,TabICLv2 Recipe,tiny,300,10,240,hard_outlier,1.082837,1.188849,0.1170610282896158,,cpu,,torch.float32,3,pass,False,True,False,False,False,False
target_fit_transform,classification,TabICLv2 Recipe,tiny,300,10,240,hard_outlier,2.922866,3.010017,0.164974637992228,,cpu,,torch.float32,3,pass,False,True,False,False,False,False
model_output_inverse_mapping,classification,TabICLv2 Recipe,tiny,300,10,240,hard_outlier,0.112452,0.115832,0.0016079179774547668,,cpu,,torch.float32,3,pass,False,True,False,False,False,False
output_transform,classification,TabICLv2 Recipe,tiny,300,10,240,hard_outlier,0.082932,0.103932,0.014984785179937976,,cpu,,torch.float32,3,pass,False,True,False,False,False,False
total_recipe_overhead,classification,TabICLv2 Recipe,tiny,300,10,240,hard_outlier,10.722981,15.772831,2.6096798353573734,,cpu,,torch.float32,3,pass,False,True,False,False,False,False
fit,classification,StandardScale,tiny,300,10,240,hard_outlier,0.098582,0.102102,0.006386318710075992,,cpu,,torch.float32,3,pass,False,True,False,False,False,False
fit_transform,classification,StandardScale,tiny,300,10,240,hard_outlier,0.187793,1.86381,0.7901244205466771,,cpu,,torch.float32,3,pass,False,True,False,False,False,False
transform,classification,StandardScale,tiny,300,10,240,hard_outlier,0.102812,0.106172,0.012342875956959501,,cpu,,torch.float32,3,pass,False,True,False,False,False,False
inverse_transform,classification,StandardScale,tiny,300,10,240,hard_outlier,0.065201,0.065441,0.0009342901048389599,,cpu,,torch.float32,3,pass,False,True,False,False,False,False
transform,classification,HardClip,tiny,300,10,240,hard_outlier,0.045711,0.047181,0.0007050453098127019,,cpu,,torch.float32,3,pass,False,True,False,False,False,False
fit,classification,Power,tiny,300,10,240,hard_outlier,91.831606,96.634353,6.418563159644913,,cpu,,torch.float32,3,pass,False,True,False,False,False,False
fit_transform,classification,Power,tiny,300,10,240,hard_outlier,105.715758,105.84384,12.756748133518515,,cpu,,torch.float32,3,pass,False,True,False,False,False,False
transform,classification,Power,tiny,300,10,240,hard_outlier,2.533851,2.655312,0.08519209424327791,,cpu,,torch.float32,3,pass,False,True,False,False,False,False
inverse_transform,classification,Power,tiny,300,10,240,hard_outlier,2.450599,2.51434,0.13936314282477974,,cpu,,torch.float32,3,pass,False,True,False,False,False,False
fit,classification,SigmaClip,tiny,300,10,240,hard_outlier,0.571219,0.58377,0.016063828331586077,,cpu,,torch.float32,3,pass,False,True,False,False,False,False
fit_transform,classification,SigmaClip,tiny,300,10,240,hard_outlier,0.725822,3.534047,1.3273717370721738,,cpu,,torch.float32,3,pass,False,True,False,False,False,False
transform,classification,SigmaClip,tiny,300,10,240,hard_outlier,0.126962,0.141933,0.02484541737759031,,cpu,,torch.float32,3,pass,False,True,False,False,False,False
fit,classification,FeaturePermute,tiny,300,10,240,hard_outlier,0.079672,0.081031,0.010400086441948456,,cpu,,torch.float32,3,pass,False,True,False,False,False,False
fit_transform,classification,FeaturePermute,tiny,300,10,240,hard_outlier,0.808803,1.26887,0.43221177712860465,,cpu,,torch.float32,3,pass,False,True,False,False,False,False
transform,classification,FeaturePermute,tiny,300,10,240,hard_outlier,0.119262,0.151963,0.020837861326601308,,cpu,,torch.float32,3,pass,False,True,False,False,False,False
inverse_transform,classification,FeaturePermute,tiny,300,10,240,hard_outlier,0.129232,0.154792,0.01291133954665003,,cpu,,torch.float32,3,pass,False,True,False,False,False,False
transform,classification,SoftmaxTemperature,tiny,300,10,240,hard_outlier,1.153829,1.674767,0.6535519185325336,,cpu,,torch.float32,3,pass,False,True,False,False,False,False
fit,classification,ClassShuffle,tiny,300,10,240,hard_outlier,0.097652,0.334826,0.11239639143673609,,cpu,,torch.float32,3,pass,False,True,False,False,False,False
fit_transform,classification,ClassShuffle,tiny,300,10,240,hard_outlier,0.65099,0.687551,0.017949505663264288,,cpu,,torch.float32,3,pass,False,True,False,False,False,False
transform,classification,ClassShuffle,tiny,300,10,240,hard_outlier,0.531808,0.533249,0.017273090060039093,,cpu,,torch.float32,3,pass,False,True,False,False,False,False
feature_fit,classification,TabICLv2 Recipe,tiny,300,10,240,sigma_outlier,2.032743,3.15289,0.5443842003109775,,cpu,,torch.float32,3,pass,False,False,True,False,False,False
feature_transform,classification,TabICLv2 Recipe,tiny,300,10,240,sigma_outlier,0.497778,0.503658,0.0071069121283437965,,cpu,,torch.float32,3,pass,False,False,True,False,False,False
feature_fit_transform,classification,TabICLv2 Recipe,tiny,300,10,240,sigma_outlier,3.322993,4.879858,1.3912823414798146,,cpu,,torch.float32,3,pass,False,False,True,False,False,False
target_fit,classification,TabICLv2 Recipe,tiny,300,10,240,sigma_outlier,3.232542,43.414002,18.983273383990497,,cpu,,torch.float32,3,pass,False,False,True,False,False,False
target_transform,classification,TabICLv2 Recipe,tiny,300,10,240,sigma_outlier,1.133048,1.234099,0.10266429240436471,,cpu,,torch.float32,3,pass,False,False,True,False,False,False
target_fit_transform,classification,TabICLv2 Recipe,tiny,300,10,240,sigma_outlier,3.356734,3.841812,0.2896445385686854,,cpu,,torch.float32,3,pass,False,False,True,False,False,False
model_output_inverse_mapping,classification,TabICLv2 Recipe,tiny,300,10,240,sigma_outlier,0.150092,0.65218,0.2370714448042099,,cpu,,torch.float32,3,pass,False,False,True,False,False,False
output_transform,classification,TabICLv2 Recipe,tiny,300,10,240,sigma_outlier,0.086022,0.098542,0.013158289664272063,,cpu,,torch.float32,3,pass,False,False,True,False,False,False
total_recipe_overhead,classification,TabICLv2 Recipe,tiny,300,10,240,sigma_outlier,7.882836,9.489042,0.8879440786604874,,cpu,,torch.float32,3,pass,False,False,True,False,False,False
fit,classification,StandardScale,tiny,300,10,240,sigma_outlier,0.092371,0.101172,0.006323918633955442,,cpu,,torch.float32,3,pass,False,False,True,False,False,False
fit_transform,classification,StandardScale,tiny,300,10,240,sigma_outlier,0.176273,0.190693,0.020263330103635208,,cpu,,torch.float32,3,pass,False,False,True,False,False,False
transform,classification,StandardScale,tiny,300,10,240,sigma_outlier,0.054821,0.068491,0.00796148646087316,,cpu,,torch.float32,3,pass,False,False,True,False,False,False
inverse_transform,classification,StandardScale,tiny,300,10,240,sigma_outlier,0.0476,0.047881,0.0007021634820720575,,cpu,,torch.float32,3,pass,False,False,True,False,False,False
transform,classification,HardClip,tiny,300,10,240,sigma_outlier,0.052611,0.074141,0.010340574881934218,,cpu,,torch.float32,3,pass,False,False,True,False,False,False
fit,classification,Power,tiny,300,10,240,sigma_outlier,87.457966,122.317403,16.657974049757996,,cpu,,torch.float32,3,pass,False,False,True,False,False,False
fit_transform,classification,Power,tiny,300,10,240,sigma_outlier,83.055176,84.751123,2.37895462357655,,cpu,,torch.float32,3,pass,False,False,True,False,False,False
transform,classification,Power,tiny,300,10,240,sigma_outlier,1.172049,1.23544,0.029944511843667764,,cpu,,torch.float32,3,pass,False,False,True,False,False,False
inverse_transform,classification,Power,tiny,300,10,240,sigma_outlier,1.369932,1.807519,0.2116490018135372,,cpu,,torch.float32,3,pass,False,False,True,False,False,False
fit,classification,SigmaClip,tiny,300,10,240,sigma_outlier,0.525319,0.540448,0.011690443019834657,,cpu,,torch.float32,3,pass,False,False,True,False,False,False
fit_transform,classification,SigmaClip,tiny,300,10,240,sigma_outlier,0.597279,0.603229,0.014151815745298849,,cpu,,torch.float32,3,pass,False,False,True,False,False,False
transform,classification,SigmaClip,tiny,300,10,240,sigma_outlier,0.085152,0.087031,0.001543187250105728,,cpu,,torch.float32,3,pass,False,False,True,False,False,False
fit,classification,FeaturePermute,tiny,300,10,240,sigma_outlier,0.049361,0.050991,0.0009489058026075209,,cpu,,torch.float32,3,pass,False,False,True,False,False,False
fit_transform,classification,FeaturePermute,tiny,300,10,240,sigma_outlier,0.120192,0.151593,0.014938978196501782,,cpu,,torch.float32,3,pass,False,False,True,False,False,False
transform,classification,FeaturePermute,tiny,300,10,240,sigma_outlier,0.072561,0.075432,0.004190909235741357,,cpu,,torch.float32,3,pass,False,False,True,False,False,False
inverse_transform,classification,FeaturePermute,tiny,300,10,240,sigma_outlier,0.108362,0.133502,0.01880689271399068,,cpu,,torch.float32,3,pass,False,False,True,False,False,False
transform,classification,SoftmaxTemperature,tiny,300,10,240,sigma_outlier,0.076451,0.366896,0.13872598873318584,,cpu,,torch.float32,3,pass,False,False,True,False,False,False
fit,classification,ClassShuffle,tiny,300,10,240,sigma_outlier,0.073691,0.075462,0.002472406430091049,,cpu,,torch.float32,3,pass,False,False,True,False,False,False
fit_transform,classification,ClassShuffle,tiny,300,10,240,sigma_outlier,0.456948,0.478558,0.011002091720314916,,cpu,,torch.float32,3,pass,False,False,True,False,False,False
transform,classification,ClassShuffle,tiny,300,10,240,sigma_outlier,0.365546,0.374006,0.013976898400177655,,cpu,,torch.float32,3,pass,False,False,True,False,False,False
feature_fit,classification,TabICLv2 Recipe,tiny,300,10,240,categorical,2.830505,3.041468,0.11198095908481752,,cpu,,torch.float32,3,pass,False,False,False,True,False,False
feature_transform,classification,TabICLv2 Recipe,tiny,300,10,240,categorical,1.070397,1.087228,0.007950522847936244,,cpu,,torch.float32,3,pass,False,False,False,True,False,False
feature_fit_transform,classification,TabICLv2 Recipe,tiny,300,10,240,categorical,2.784985,2.851285,0.03223600947525738,,cpu,,torch.float32,3,pass,False,False,False,True,False,False
target_fit,classification,TabICLv2 Recipe,tiny,300,10,240,categorical,2.48593,2.530241,0.023301233734623582,,cpu,,torch.float32,3,pass,False,False,False,True,False,False
target_transform,classification,TabICLv2 Recipe,tiny,300,10,240,categorical,0.969895,0.986926,0.009226318767525863,,cpu,,torch.float32,3,pass,False,False,False,True,False,False
target_fit_transform,classification,TabICLv2 Recipe,tiny,300,10,240,categorical,2.51296,2.744544,0.11094767539099969,,cpu,,torch.float32,3,pass,False,False,False,True,False,False
model_output_inverse_mapping,classification,TabICLv2 Recipe,tiny,300,10,240,categorical,0.092781,0.095871,0.0019754999367248773,,cpu,,torch.float32,3,pass,False,False,False,True,False,False
output_transform,classification,TabICLv2 Recipe,tiny,300,10,240,categorical,0.069211,0.069961,0.0012701793399184018,,cpu,,torch.float32,3,pass,False,False,False,True,False,False
total_recipe_overhead,classification,TabICLv2 Recipe,tiny,300,10,240,categorical,9.332839,9.36484,0.1333163468104673,,cpu,,torch.float32,3,pass,False,False,False,True,False,False
fit,classification,StandardScale,tiny,300,10,240,categorical,0.085241,0.090711,0.0028850688418514785,,cpu,,torch.float32,3,pass,False,False,False,True,False,False
fit_transform,classification,StandardScale,tiny,300,10,240,categorical,0.144852,0.145122,0.004166317318688056,,cpu,,torch.float32,3,pass,False,False,False,True,False,False
transform,classification,StandardScale,tiny,300,10,240,categorical,0.04913,0.050771,0.0010735487361498252,,cpu,,torch.float32,3,pass,False,False,False,True,False,False
inverse_transform,classification,StandardScale,tiny,300,10,240,categorical,0.052891,0.094861,0.02104333042927273,,cpu,,torch.float32,3,pass,False,False,False,True,False,False
transform,classification,HardClip,tiny,300,10,240,categorical,0.035801,0.03779,0.0019092163022792585,,cpu,,torch.float32,3,pass,False,False,False,True,False,False
fit,classification,Power,tiny,300,10,240,categorical,79.809875,90.78618,6.235214736604685,,cpu,,torch.float32,3,pass,False,False,False,True,False,False
fit_transform,classification,Power,tiny,300,10,240,categorical,73.344071,75.7702,1.768260849377215,,cpu,,torch.float32,3,pass,False,False,False,True,False,False
transform,classification,Power,tiny,300,10,240,categorical,1.27169,1.576445,0.20825427550046174,,cpu,,torch.float32,3,pass,False,False,False,True,False,False
inverse_transform,classification,Power,tiny,300,10,240,categorical,1.23518,1.312481,0.04417111608531329,,cpu,,torch.float32,3,pass,False,False,False,True,False,False
fit,classification,SigmaClip,tiny,300,10,240,categorical,0.63814,0.995846,0.21533281281825636,,cpu,,torch.float32,3,pass,False,False,False,True,False,False
fit_transform,classification,SigmaClip,tiny,300,10,240,categorical,0.564829,0.762813,0.10197961426023663,,cpu,,torch.float32,3,pass,False,False,False,True,False,False
transform,classification,SigmaClip,tiny,300,10,240,categorical,0.104622,0.104901,0.0004623204756683626,,cpu,,torch.float32,3,pass,False,False,False,True,False,False
fit,classification,FeaturePermute,tiny,300,10,240,categorical,0.055811,0.057291,0.0015856929785498265,,cpu,,torch.float32,3,pass,False,False,False,True,False,False
fit_transform,classification,FeaturePermute,tiny,300,10,240,categorical,0.146892,0.152273,0.003976159537376059,,cpu,,torch.float32,3,pass,False,False,False,True,False,False
transform,classification,FeaturePermute,tiny,300,10,240,categorical,0.077432,0.084331,0.00331048640266385,,cpu,,torch.float32,3,pass,False,False,False,True,False,False
inverse_transform,classification,FeaturePermute,tiny,300,10,240,categorical,0.098452,0.122432,0.01156498567035669,,cpu,,torch.float32,3,pass,False,False,False,True,False,False
transform,classification,SoftmaxTemperature,tiny,300,10,240,categorical,0.077361,0.092221,0.00773486681634963,,cpu,,torch.float32,3,pass,False,False,False,True,False,False
fit,classification,CategoricalAlign,tiny,300,10,240,categorical,0.270464,0.287224,0.009315474580860952,,cpu,,torch.float32,3,pass,False,False,False,True,False,False
fit_transform,classification,CategoricalAlign,tiny,300,10,240,categorical,0.5942,0.60724,0.006241316118327043,,cpu,,torch.float32,3,pass,False,False,False,True,False,False
transform,classification,CategoricalAlign,tiny,300,10,240,categorical,0.381586,0.382396,0.0035908618587866662,,cpu,,torch.float32,3,pass,False,False,False,True,False,False
fit,classification,ClassShuffle,tiny,300,10,240,categorical,0.077341,0.111222,0.016210041133678705,,cpu,,torch.float32,3,pass,False,False,False,True,False,False
fit_transform,classification,ClassShuffle,tiny,300,10,240,categorical,0.413897,0.425206,0.011522716992484394,,cpu,,torch.float32,3,pass,False,False,False,True,False,False
transform,classification,ClassShuffle,tiny,300,10,240,categorical,0.331595,0.357785,0.02246629228174709,,cpu,,torch.float32,3,pass,False,False,False,True,False,False
feature_fit,classification,TabICLv2 Recipe,tiny,300,10,240,missing,1.346381,1.355221,0.014061595452389705,,cpu,,torch.float32,3,pass,False,False,False,False,True,False
feature_transform,classification,TabICLv2 Recipe,tiny,300,10,240,missing,0.467197,0.523258,0.03490693220869206,,cpu,,torch.float32,3,pass,False,False,False,False,True,False
feature_fit_transform,classification,TabICLv2 Recipe,tiny,300,10,240,missing,1.991951,2.148855,0.37006742750056904,,cpu,,torch.float32,3,pass,False,False,False,False,True,False
target_fit,classification,TabICLv2 Recipe,tiny,300,10,240,missing,2.48133,3.025848,0.28112935902810926,,cpu,,torch.float32,3,pass,False,False,False,False,True,False
target_transform,classification,TabICLv2 Recipe,tiny,300,10,240,missing,1.003876,1.24723,0.12406312315466225,,cpu,,torch.float32,3,pass,False,False,False,False,True,False
target_fit_transform,classification,TabICLv2 Recipe,tiny,300,10,240,missing,2.428899,2.49942,0.049536285773382656,,cpu,,torch.float32,3,pass,False,False,False,False,True,False
model_output_inverse_mapping,classification,TabICLv2 Recipe,tiny,300,10,240,missing,0.089832,0.099202,0.005035310671205459,,cpu,,torch.float32,3,pass,False,False,False,False,True,False
output_transform,classification,TabICLv2 Recipe,tiny,300,10,240,missing,0.068021,0.081922,0.007447467593454536,,cpu,,torch.float32,3,pass,False,False,False,False,True,False
total_recipe_overhead,classification,TabICLv2 Recipe,tiny,300,10,240,missing,7.193695,7.777625,0.2824421600379248,,cpu,,torch.float32,3,pass,False,False,False,False,True,False
feature_fit,classification,TabICLv2 Recipe,tiny,300,10,240,unknown_category,2.815085,3.13766,0.22186144167074678,,cpu,,torch.float32,3,pass,False,False,False,False,False,True
feature_transform,classification,TabICLv2 Recipe,tiny,300,10,240,unknown_category,1.168668,1.388282,0.11584711656700344,,cpu,,torch.float32,3,pass,False,False,False,False,False,True
feature_fit_transform,classification,TabICLv2 Recipe,tiny,300,10,240,unknown_category,2.657553,2.706534,0.053879415419991306,,cpu,,torch.float32,3,pass,False,False,False,False,False,True
target_fit,classification,TabICLv2 Recipe,tiny,300,10,240,unknown_category,2.711913,2.740524,0.09348541099848458,,cpu,,torch.float32,3,pass,False,False,False,False,False,True
target_transform,classification,TabICLv2 Recipe,tiny,300,10,240,unknown_category,1.023966,1.130308,0.09264339308097239,,cpu,,torch.float32,3,pass,False,False,False,False,False,True
target_fit_transform,classification,TabICLv2 Recipe,tiny,300,10,240,unknown_category,2.592562,2.951287,0.20814605353453142,,cpu,,torch.float32,3,pass,False,False,False,False,False,True
model_output_inverse_mapping,classification,TabICLv2 Recipe,tiny,300,10,240,unknown_category,0.088831,0.090002,0.0013708700400353999,,cpu,,torch.float32,3,pass,False,False,False,False,False,True
output_transform,classification,TabICLv2 Recipe,tiny,300,10,240,unknown_category,0.065771,0.085712,0.009559639009920823,,cpu,,torch.float32,3,pass,False,False,False,False,False,True
total_recipe_overhead,classification,TabICLv2 Recipe,tiny,300,10,240,unknown_category,10.148482,11.451433,0.6527209077772488,,cpu,,torch.float32,3,pass,False,False,False,False,False,True
feature_fit,classification,TabICLv2 Recipe,tiny,300,10,240,constant+hard_outlier+categorical+missing+unknown_category,2.830795,3.668278,0.41776156284895327,,cpu,,torch.float32,3,pass,True,True,False,True,True,True
feature_transform,classification,TabICLv2 Recipe,tiny,300,10,240,constant+hard_outlier+categorical+missing+unknown_category,1.429193,1.451653,0.08784665881080635,,cpu,,torch.float32,3,pass,True,True,False,True,True,True
feature_fit_transform,classification,TabICLv2 Recipe,tiny,300,10,240,constant+hard_outlier+categorical+missing+unknown_category,3.645568,3.675379,0.0601357760904438,,cpu,,torch.float32,3,pass,True,True,False,True,True,True
target_fit,classification,TabICLv2 Recipe,tiny,300,10,240,constant+hard_outlier+categorical+missing+unknown_category,2.996718,3.149091,0.1186697467849325,,cpu,,torch.float32,3,pass,True,True,False,True,True,True
target_transform,classification,TabICLv2 Recipe,tiny,300,10,240,constant+hard_outlier+categorical+missing+unknown_category,0.989965,1.058147,0.05839341002963337,,cpu,,torch.float32,3,pass,True,True,False,True,True,True
target_fit_transform,classification,TabICLv2 Recipe,tiny,300,10,240,constant+hard_outlier+categorical+missing+unknown_category,2.769674,3.033449,0.15097093547287685,,cpu,,torch.float32,3,pass,True,True,False,True,True,True
model_output_inverse_mapping,classification,TabICLv2 Recipe,tiny,300,10,240,constant+hard_outlier+categorical+missing+unknown_category,0.101061,0.117402,0.011972544712336178,,cpu,,torch.float32,3,pass,True,True,False,True,True,True
output_transform,classification,TabICLv2 Recipe,tiny,300,10,240,constant+hard_outlier+categorical+missing+unknown_category,0.093301,0.107081,0.009443450405204421,,cpu,,torch.float32,3,pass,True,True,False,True,True,True
total_recipe_overhead,classification,TabICLv2 Recipe,tiny,300,10,240,constant+hard_outlier+categorical+missing+unknown_category,9.38788,9.541723,0.17323966636297658,,cpu,,torch.float32,3,pass,True,True,False,True,True,True
feature_fit,classification,TabICLv2 Recipe,tiny,300,10,240,constant+hard_outlier+sigma_outlier+categorical+missing+unknown_category,2.776624,2.866596,0.06026692853372306,,cpu,,torch.float32,3,pass,True,True,True,True,True,True
feature_transform,classification,TabICLv2 Recipe,tiny,300,10,240,constant+hard_outlier+sigma_outlier+categorical+missing+unknown_category,1.517874,1.594115,0.18892099705138357,,cpu,,torch.float32,3,pass,True,True,True,True,True,True
feature_fit_transform,classification,TabICLv2 Recipe,tiny,300,10,240,constant+hard_outlier+sigma_outlier+categorical+missing+unknown_category,3.374444,3.525916,0.2536569769051636,,cpu,,torch.float32,3,pass,True,True,True,True,True,True
target_fit,classification,TabICLv2 Recipe,tiny,300,10,240,constant+hard_outlier+sigma_outlier+categorical+missing+unknown_category,2.910007,2.974908,0.1570209981647889,,cpu,,torch.float32,3,pass,True,True,True,True,True,True
target_transform,classification,TabICLv2 Recipe,tiny,300,10,240,constant+hard_outlier+sigma_outlier+categorical+missing+unknown_category,0.913275,0.965786,0.028255205659999904,,cpu,,torch.float32,3,pass,True,True,True,True,True,True
target_fit_transform,classification,TabICLv2 Recipe,tiny,300,10,240,constant+hard_outlier+sigma_outlier+categorical+missing+unknown_category,2.943387,2.984938,0.0858239408362648,,cpu,,torch.float32,3,pass,True,True,True,True,True,True
model_output_inverse_mapping,classification,TabICLv2 Recipe,tiny,300,10,240,constant+hard_outlier+sigma_outlier+categorical+missing+unknown_category,0.116591,0.116631,0.007636299292778464,,cpu,,torch.float32,3,pass,True,True,True,True,True,True
output_transform,classification,TabICLv2 Recipe,tiny,300,10,240,constant+hard_outlier+sigma_outlier+categorical+missing+unknown_category,0.080481,0.085332,0.008024278036060317,,cpu,,torch.float32,3,pass,True,True,True,True,True,True
total_recipe_overhead,classification,TabICLv2 Recipe,tiny,300,10,240,constant+hard_outlier+sigma_outlier+categorical+missing+unknown_category,9.629214,10.931605,0.7082410104792478,,cpu,,torch.float32,3,pass,True,True,True,True,True,True
total_recipe_overhead,classification,TabICLv2 Recipe,tiny,300,10,240,missing+unknown_category,9.350689,11.422652,1.0214012964329389,,cpu,,torch.float32,3,pass,False,False,False,False,True,True
total_recipe_overhead,classification,TabICLv2 Recipe,tiny,300,10,240,categorical+unknown_category,9.555192,10.281874,0.36343682035289465,,cpu,,torch.float32,3,pass,False,False,False,True,False,True
total_recipe_overhead,classification,TabICLv2 Recipe,tiny,300,10,240,categorical+missing,11.981321,12.097553,0.19914926486432238,,cpu,,torch.float32,3,pass,False,False,False,True,True,False
total_recipe_overhead,classification,TabICLv2 Recipe,tiny,300,10,240,categorical+missing+unknown_category,11.986451,12.958787,0.5173012667194575,,cpu,,torch.float32,3,pass,False,False,False,True,True,True
total_recipe_overhead,classification,TabICLv2 Recipe,tiny,300,10,240,sigma_outlier+unknown_category,14.188437,14.516531,0.5205639960724224,,cpu,,torch.float32,3,pass,False,False,True,False,False,True
total_recipe_overhead,classification,TabICLv2 Recipe,tiny,300,10,240,sigma_outlier+missing,10.407826,10.578389,0.9758969168250645,,cpu,,torch.float32,3,pass,False,False,True,False,True,False
total_recipe_overhead,classification,TabICLv2 Recipe,tiny,300,10,240,sigma_outlier+missing+unknown_category,12.315707,12.674442,0.5003558777952177,,cpu,,torch.float32,3,pass,False,False,True,False,True,True
total_recipe_overhead,classification,TabICLv2 Recipe,tiny,300,10,240,sigma_outlier+categorical,11.922111,22.198374,5.493622813574684,,cpu,,torch.float32,3,pass,False,False,True,True,False,False
total_recipe_overhead,classification,TabICLv2 Recipe,tiny,300,10,240,sigma_outlier+categorical+unknown_category,17.640372,24.979739,4.806198108303554,,cpu,,torch.float32,3,pass,False,False,True,True,False,True
total_recipe_overhead,classification,TabICLv2 Recipe,tiny,300,10,240,sigma_outlier+categorical+missing,9.291779,10.324895,0.5966796038910291,,cpu,,torch.float32,3,pass,False,False,True,True,True,False
total_recipe_overhead,classification,TabICLv2 Recipe,tiny,300,10,240,sigma_outlier+categorical+missing+unknown_category,9.043704,9.119865,0.15083825138280516,,cpu,,torch.float32,3,pass,False,False,True,True,True,True
total_recipe_overhead,classification,TabICLv2 Recipe,tiny,300,10,240,hard_outlier+unknown_category,11.774758,13.375593,0.9438741329154484,,cpu,,torch.float32,3,pass,False,True,False,False,False,True
total_recipe_overhead,classification,TabICLv2 Recipe,tiny,300,10,240,hard_outlier+missing,7.589821,7.743183,0.0895510671491722,,cpu,,torch.float32,3,pass,False,True,False,False,True,False
total_recipe_overhead,classification,TabICLv2 Recipe,tiny,300,10,240,hard_outlier+missing+unknown_category,10.784912,12.950297,1.290811740433214,,cpu,,torch.float32,3,pass,False,True,False,False,True,True
total_recipe_overhead,classification,TabICLv2 Recipe,tiny,300,10,240,hard_outlier+categorical,10.62743,36.33023,12.33478618457442,,cpu,,torch.float32,3,pass,False,True,False,True,False,False
total_recipe_overhead,classification,TabICLv2 Recipe,tiny,300,10,240,hard_outlier+categorical+unknown_category,9.509232,9.817837,0.15470397486454243,,cpu,,torch.float32,3,pass,False,True,False,True,False,True
total_recipe_overhead,classification,TabICLv2 Recipe,tiny,300,10,240,hard_outlier+categorical+missing,9.509581,9.579393,0.05959917934558041,,cpu,,torch.float32,3,pass,False,True,False,True,True,False
total_recipe_overhead,classification,TabICLv2 Recipe,tiny,300,10,240,hard_outlier+categorical+missing+unknown_category,10.710911,18.026428,3.7349944944822426,,cpu,,torch.float32,3,pass,False,True,False,True,True,True
total_recipe_overhead,classification,TabICLv2 Recipe,tiny,300,10,240,hard_outlier+sigma_outlier,9.636524,15.845883,2.996563542336492,,cpu,,torch.float32,3,pass,False,True,True,False,False,False
total_recipe_overhead,classification,TabICLv2 Recipe,tiny,300,10,240,hard_outlier+sigma_outlier+unknown_category,9.882308,10.05951,0.10038001847091949,,cpu,,torch.float32,3,pass,False,True,True,False,False,True
total_recipe_overhead,classification,TabICLv2 Recipe,tiny,300,10,240,hard_outlier+sigma_outlier+missing,7.641942,7.661633,0.04980008791380012,,cpu,,torch.float32,3,pass,False,True,True,False,True,False
total_recipe_overhead,classification,TabICLv2 Recipe,tiny,300,10,240,hard_outlier+sigma_outlier+missing+unknown_category,10.099351,11.177089,0.6490541200066107,,cpu,,torch.float32,3,pass,False,True,True,False,True,True
total_recipe_overhead,classification,TabICLv2 Recipe,tiny,300,10,240,hard_outlier+sigma_outlier+categorical,11.618096,37.915345,12.759627660563638,,cpu,,torch.float32,3,pass,False,True,True,True,False,False
total_recipe_overhead,classification,TabICLv2 Recipe,tiny,300,10,240,hard_outlier+sigma_outlier+categorical+unknown_category,9.897598,10.562698,0.7393042318745074,,cpu,,torch.float32,3,pass,False,True,True,True,False,True
total_recipe_overhead,classification,TabICLv2 Recipe,tiny,300,10,240,hard_outlier+sigma_outlier+categorical+missing,10.465588,11.570425,0.615843243427164,,cpu,,torch.float32,3,pass,False,True,True,True,True,False
total_recipe_overhead,classification,TabICLv2 Recipe,tiny,300,10,240,hard_outlier+sigma_outlier+categorical+missing+unknown_category,10.438277,10.65636,0.7815927248664879,,cpu,,torch.float32,3,pass,False,True,True,True,True,True
total_recipe_overhead,classification,TabICLv2 Recipe,tiny,300,10,240,constant+unknown_category,12.322647,12.659932,0.3497228626177527,,cpu,,torch.float32,3,pass,True,False,False,False,False,True
total_recipe_overhead,classification,TabICLv2 Recipe,tiny,300,10,240,constant+missing,12.401848,12.927876,0.5922049142525657,,cpu,,torch.float32,3,pass,True,False,False,False,True,False
total_recipe_overhead,classification,TabICLv2 Recipe,tiny,300,10,240,constant+missing+unknown_category,14.165816,22.001681,3.7229970937082704,,cpu,,torch.float32,3,pass,True,False,False,False,True,True
total_recipe_overhead,classification,TabICLv2 Recipe,tiny,300,10,240,constant+categorical,11.487683,65.001668,25.583149862220512,,cpu,,torch.float32,3,pass,True,False,False,True,False,False
total_recipe_overhead,classification,TabICLv2 Recipe,tiny,300,10,240,constant+categorical+unknown_category,9.483171,9.862087,0.2456386522846563,,cpu,,torch.float32,3,pass,True,False,False,True,False,True
total_recipe_overhead,classification,TabICLv2 Recipe,tiny,300,10,240,constant+categorical+missing,9.059025,9.248038,0.09768496436447516,,cpu,,torch.float32,3,pass,True,False,False,True,True,False
total_recipe_overhead,classification,TabICLv2 Recipe,tiny,300,10,240,constant+categorical+missing+unknown_category,9.221957,10.426137,0.5762452105948959,,cpu,,torch.float32,3,pass,True,False,False,True,True,True
total_recipe_overhead,classification,TabICLv2 Recipe,tiny,300,10,240,constant+sigma_outlier,7.48276,7.54711,0.059558194965559134,,cpu,,torch.float32,3,pass,True,False,True,False,False,False
total_recipe_overhead,classification,TabICLv2 Recipe,tiny,300,10,240,constant+sigma_outlier+unknown_category,9.689295,10.166253,0.45988810630002347,,cpu,,torch.float32,3,pass,True,False,True,False,False,True
total_recipe_overhead,classification,TabICLv2 Recipe,tiny,300,10,240,constant+sigma_outlier+missing,8.368083,9.249667,0.7734738992990579,,cpu,,torch.float32,3,pass,True,False,True,False,True,False
total_recipe_overhead,classification,TabICLv2 Recipe,tiny,300,10,240,constant+sigma_outlier+missing+unknown_category,10.085611,10.575858,0.7550934676903689,,cpu,,torch.float32,3,pass,True,False,True,False,True,True
total_recipe_overhead,classification,TabICLv2 Recipe,tiny,300,10,240,constant+sigma_outlier+categorical,11.074927,11.2984,0.7122566564969557,,cpu,,torch.float32,3,pass,True,False,True,True,False,False
total_recipe_overhead,classification,TabICLv2 Recipe,tiny,300,10,240,constant+sigma_outlier+categorical+unknown_category,10.471398,10.993586,0.25416120856784336,,cpu,,torch.float32,3,pass,True,False,True,True,False,True
total_recipe_overhead,classification,TabICLv2 Recipe,tiny,300,10,240,constant+sigma_outlier+categorical+missing,9.879257,13.854921,1.946165054152967,,cpu,,torch.float32,3,pass,True,False,True,True,True,False
total_recipe_overhead,classification,TabICLv2 Recipe,tiny,300,10,240,constant+sigma_outlier+categorical+missing+unknown_category,9.656624,9.684724,0.07863855230525675,,cpu,,torch.float32,3,pass,True,False,True,True,True,True
total_recipe_overhead,classification,TabICLv2 Recipe,tiny,300,10,240,constant+hard_outlier,7.53954,7.655422,0.08000753134965896,,cpu,,torch.float32,3,pass,True,True,False,False,False,False
total_recipe_overhead,classification,TabICLv2 Recipe,tiny,300,10,240,constant+hard_outlier+unknown_category,9.301958,9.303499,0.046070652439728285,,cpu,,torch.float32,3,pass,True,True,False,False,False,True
total_recipe_overhead,classification,TabICLv2 Recipe,tiny,300,10,240,constant+hard_outlier+missing,7.830375,7.944367,0.27655867308523646,,cpu,,torch.float32,3,pass,True,True,False,False,True,False
total_recipe_overhead,classification,TabICLv2 Recipe,tiny,300,10,240,constant+hard_outlier+missing+unknown_category,9.42612,9.608914,0.14632842885327077,,cpu,,torch.float32,3,pass,True,True,False,False,True,True
total_recipe_overhead,classification,TabICLv2 Recipe,tiny,300,10,240,constant+hard_outlier+categorical,9.493292,9.786747,0.3055181216625653,,cpu,,torch.float32,3,pass,True,True,False,True,False,False
total_recipe_overhead,classification,TabICLv2 Recipe,tiny,300,10,240,constant+hard_outlier+categorical+unknown_category,9.106965,9.257617,0.1034316182874247,,cpu,,torch.float32,3,pass,True,True,False,True,False,True
total_recipe_overhead,classification,TabICLv2 Recipe,tiny,300,10,240,constant+hard_outlier+categorical+missing,10.397236,10.819343,0.8445400195160809,,cpu,,torch.float32,3,pass,True,True,False,True,True,False
total_recipe_overhead,classification,TabICLv2 Recipe,tiny,300,10,240,constant+hard_outlier+sigma_outlier,9.520481,9.642273,0.14860014799528992,,cpu,,torch.float32,3,pass,True,True,True,False,False,False
total_recipe_overhead,classification,TabICLv2 Recipe,tiny,300,10,240,constant+hard_outlier+sigma_outlier+unknown_category,13.996373,14.931669,0.7275889945220138,,cpu,,torch.float32,3,pass,True,True,True,False,False,True
total_recipe_overhead,classification,TabICLv2 Recipe,tiny,300,10,240,constant+hard_outlier+sigma_outlier+missing,8.992944,9.509812,0.25579706483113174,,cpu,,torch.float32,3,pass,True,True,True,False,True,False
total_recipe_overhead,classification,TabICLv2 Recipe,tiny,300,10,240,constant+hard_outlier+sigma_outlier+missing+unknown_category,11.8682,12.883545,0.5502415793742074,,cpu,,torch.float32,3,pass,True,True,True,False,True,True
total_recipe_overhead,classification,TabICLv2 Recipe,tiny,300,10,240,constant+hard_outlier+sigma_outlier+categorical,9.484482,11.190848,0.8829630523301772,,cpu,,torch.float32,3,pass,True,True,True,True,False,False
total_recipe_overhead,classification,TabICLv2 Recipe,tiny,300,10,240,constant+hard_outlier+sigma_outlier+categorical+unknown_category,9.246988,9.796796,0.2799390828988021,,cpu,,torch.float32,3,pass,True,True,True,True,False,True
total_recipe_overhead,classification,TabICLv2 Recipe,tiny,300,10,240,constant+hard_outlier+sigma_outlier+categorical+missing,9.296208,9.523352,0.1666115313983064,,cpu,,torch.float32,3,pass,True,True,True,True,True,False
feature_fit,regression,TabICLv2 Recipe,tiny,300,10,240,baseline,1.447874,1.455334,0.04018166732064096,,cpu,,torch.float32,3,pass,False,False,False,False,False,False
feature_transform,regression,TabICLv2 Recipe,tiny,300,10,240,baseline,0.496658,0.520349,0.021974299144429804,,cpu,,torch.float32,3,pass,False,False,False,False,False,False
feature_fit_transform,regression,TabICLv2 Recipe,tiny,300,10,240,baseline,1.412672,1.440653,0.015772015308415335,,cpu,,torch.float32,3,pass,False,False,False,False,False,False
target_fit,regression,TabICLv2 Recipe,tiny,300,10,240,baseline,0.471188,0.495508,0.016411721021540943,,cpu,,torch.float32,3,pass,False,False,False,False,False,False
target_transform,regression,TabICLv2 Recipe,tiny,300,10,240,baseline,0.186333,0.193074,0.0034806043855757154,,cpu,,torch.float32,3,pass,False,False,False,False,False,False
target_fit_transform,regression,TabICLv2 Recipe,tiny,300,10,240,baseline,0.501788,0.513848,0.010698963605051756,,cpu,,torch.float32,3,pass,False,False,False,False,False,False
target_inverse_transform,regression,TabICLv2 Recipe,tiny,300,10,240,baseline,1.340422,1.965711,0.3027614175268852,,cpu,,torch.float32,3,pass,False,False,False,False,False,False
model_output_inverse_mapping,regression,TabICLv2 Recipe,tiny,300,10,240,baseline,2.016642,2.319287,0.150964650167588,,cpu,,torch.float32,3,pass,False,False,False,False,False,False
output_transform,regression,TabICLv2 Recipe,tiny,300,10,240,baseline,0.01145,0.011841,0.0005857342969868397,,cpu,,torch.float32,3,pass,False,False,False,False,False,False
total_recipe_overhead,regression,TabICLv2 Recipe,tiny,300,10,240,baseline,7.463879,7.622572,0.13476548594338084,,cpu,,torch.float32,3,pass,False,False,False,False,False,False
fit,regression,StandardScale,tiny,300,10,240,baseline,0.095122,0.096622,0.003254258748163702,,cpu,,torch.float32,3,pass,False,False,False,False,False,False
fit_transform,regression,StandardScale,tiny,300,10,240,baseline,0.177033,0.186343,0.0105846955658735,,cpu,,torch.float32,3,pass,False,False,False,False,False,False
transform,regression,StandardScale,tiny,300,10,240,baseline,0.050181,0.05067,0.0010860019439311427,,cpu,,torch.float32,3,pass,False,False,False,False,False,False
inverse_transform,regression,StandardScale,tiny,300,10,240,baseline,0.049501,0.059611,0.005306784986118136,,cpu,,torch.float32,3,pass,False,False,False,False,False,False
transform,regression,HardClip,tiny,300,10,240,baseline,0.03999,0.054471,0.00788540636591137,,cpu,,torch.float32,3,pass,False,False,False,False,False,False
fit,regression,Power,tiny,300,10,240,baseline,78.827438,92.705909,7.181151693640656,,cpu,,torch.float32,3,pass,False,False,False,False,False,False
fit_transform,regression,Power,tiny,300,10,240,baseline,78.497312,80.277961,0.8680198605217689,,cpu,,torch.float32,3,pass,False,False,False,False,False,False
transform,regression,Power,tiny,300,10,240,baseline,1.193019,1.22221,0.03452910888897465,,cpu,,torch.float32,3,pass,False,False,False,False,False,False
inverse_transform,regression,Power,tiny,300,10,240,baseline,1.294821,1.311321,0.025031488529450252,,cpu,,torch.float32,3,pass,False,False,False,False,False,False
fit,regression,SigmaClip,tiny,300,10,240,baseline,0.486907,0.555679,0.0503713314495458,,cpu,,torch.float32,3,pass,False,False,False,False,False,False
fit_transform,regression,SigmaClip,tiny,300,10,240,baseline,0.548469,0.587079,0.03646638672653064,,cpu,,torch.float32,3,pass,False,False,False,False,False,False
transform,regression,SigmaClip,tiny,300,10,240,baseline,0.079881,0.079931,0.002472600969739262,,cpu,,torch.float32,3,pass,False,False,False,False,False,False
fit,regression,FeaturePermute,tiny,300,10,240,baseline,0.047401,0.049041,0.001250315515735484,,cpu,,torch.float32,3,pass,False,False,False,False,False,False
fit_transform,regression,FeaturePermute,tiny,300,10,240,baseline,0.110542,0.144803,0.016540816324071388,,cpu,,torch.float32,3,pass,False,False,False,False,False,False
transform,regression,FeaturePermute,tiny,300,10,240,baseline,0.077611,0.088771,0.010914728072145862,,cpu,,torch.float32,3,pass,False,False,False,False,False,False
inverse_transform,regression,FeaturePermute,tiny,300,10,240,baseline,0.073561,0.074152,0.001311904552761194,,cpu,,torch.float32,3,pass,False,False,False,False,False,False
transform,regression,SoftmaxTemperature,tiny,300,10,240,baseline,0.093102,0.098281,0.009988881830426379,,cpu,,torch.float32,3,pass,False,False,False,False,False,False
feature_fit,regression,TabICLv2 Recipe,tiny,300,10,240,constant,1.520025,1.574616,0.03400624662551803,,cpu,,torch.float32,3,pass,True,False,False,False,False,False
feature_transform,regression,TabICLv2 Recipe,tiny,300,10,240,constant,0.62378,0.63741,0.011436812794169929,,cpu,,torch.float32,3,pass,True,False,False,False,False,False
feature_fit_transform,regression,TabICLv2 Recipe,tiny,300,10,240,constant,1.539064,1.589705,0.029129166715777418,,cpu,,torch.float32,3,pass,True,False,False,False,False,False
target_fit,regression,TabICLv2 Recipe,tiny,300,10,240,constant,0.491548,0.496718,0.01921569341854609,,cpu,,torch.float32,3,pass,True,False,False,False,False,False
target_transform,regression,TabICLv2 Recipe,tiny,300,10,240,constant,0.216694,0.224474,0.01647401307784139,,cpu,,torch.float32,3,pass,True,False,False,False,False,False
target_fit_transform,regression,TabICLv2 Recipe,tiny,300,10,240,constant,0.450307,0.460977,0.005359877693463629,,cpu,,torch.float32,3,pass,True,False,False,False,False,False
target_inverse_transform,regression,TabICLv2 Recipe,tiny,300,10,240,constant,1.532395,1.724797,0.1127548834241781,,cpu,,torch.float32,3,pass,True,False,False,False,False,False
model_output_inverse_mapping,regression,TabICLv2 Recipe,tiny,300,10,240,constant,2.010752,2.046012,0.0281637114860004,,cpu,,torch.float32,3,pass,True,False,False,False,False,False
output_transform,regression,TabICLv2 Recipe,tiny,300,10,240,constant,0.011221,0.015711,0.0021430041219434614,,cpu,,torch.float32,3,pass,True,False,False,False,False,False
total_recipe_overhead,regression,TabICLv2 Recipe,tiny,300,10,240,constant,7.865806,96.49524,41.796673999202774,,cpu,,torch.float32,3,pass,True,False,False,False,False,False
feature_fit,regression,TabICLv2 Recipe,tiny,300,10,240,hard_outlier,1.371991,1.642406,0.14721855500883335,,cpu,,torch.float32,3,pass,False,True,False,False,False,False
feature_transform,regression,TabICLv2 Recipe,tiny,300,10,240,hard_outlier,0.497308,0.568559,0.039636748725842254,,cpu,,torch.float32,3,pass,False,True,False,False,False,False
feature_fit_transform,regression,TabICLv2 Recipe,tiny,300,10,240,hard_outlier,1.590745,1.672306,0.06464054632779302,,cpu,,torch.float32,3,pass,False,True,False,False,False,False
target_fit,regression,TabICLv2 Recipe,tiny,300,10,240,hard_outlier,0.837424,0.847613,0.02209640016433039,,cpu,,torch.float32,3,pass,False,True,False,False,False,False
target_transform,regression,TabICLv2 Recipe,tiny,300,10,240,hard_outlier,0.363076,0.384756,0.022416922675118047,,cpu,,torch.float32,3,pass,False,True,False,False,False,False
target_fit_transform,regression,TabICLv2 Recipe,tiny,300,10,240,hard_outlier,0.462177,0.705461,0.11665089079337924,,cpu,,torch.float32,3,pass,False,True,False,False,False,False
target_inverse_transform,regression,TabICLv2 Recipe,tiny,300,10,240,hard_outlier,1.720777,1.795069,0.06553135963796265,,cpu,,torch.float32,3,pass,False,True,False,False,False,False
model_output_inverse_mapping,regression,TabICLv2 Recipe,tiny,300,10,240,hard_outlier,2.50556,2.51517,0.018073274929206025,,cpu,,torch.float32,3,pass,False,True,False,False,False,False
output_transform,regression,TabICLv2 Recipe,tiny,300,10,240,hard_outlier,0.01085,0.0109,0.00014522013940528,,cpu,,torch.float32,3,pass,False,True,False,False,False,False
total_recipe_overhead,regression,TabICLv2 Recipe,tiny,300,10,240,hard_outlier,8.256722,8.324073,0.05673617287645248,,cpu,,torch.float32,3,pass,False,True,False,False,False,False
fit,regression,StandardScale,tiny,300,10,240,hard_outlier,0.088891,0.092252,0.002650095637687229,,cpu,,torch.float32,3,pass,False,True,False,False,False,False
fit_transform,regression,StandardScale,tiny,300,10,240,hard_outlier,0.147543,0.171903,0.011511802639030951,,cpu,,torch.float32,3,pass,False,True,False,False,False,False
transform,regression,StandardScale,tiny,300,10,240,hard_outlier,0.059761,0.087671,0.013303009684528785,,cpu,,torch.float32,3,pass,False,True,False,False,False,False
inverse_transform,regression,StandardScale,tiny,300,10,240,hard_outlier,0.068841,0.200283,0.06641103576966707,,cpu,,torch.float32,3,pass,False,True,False,False,False,False
transform,regression,HardClip,tiny,300,10,240,hard_outlier,0.055701,0.060831,0.009683672524179841,,cpu,,torch.float32,3,pass,False,True,False,False,False,False
fit,regression,Power,tiny,300,10,240,hard_outlier,106.493799,128.788215,20.72741577727373,,cpu,,torch.float32,3,pass,False,True,False,False,False,False
fit_transform,regression,Power,tiny,300,10,240,hard_outlier,118.041733,119.694399,1.647058992147787,,cpu,,torch.float32,3,pass,False,True,False,False,False,False
transform,regression,Power,tiny,300,10,240,hard_outlier,1.583855,2.334767,0.45474273528104747,,cpu,,torch.float32,3,pass,False,True,False,False,False,False
inverse_transform,regression,Power,tiny,300,10,240,hard_outlier,2.440399,2.615962,0.08340246137987911,,cpu,,torch.float32,3,pass,False,True,False,False,False,False
fit,regression,SigmaClip,tiny,300,10,240,hard_outlier,0.66785,0.820213,0.12516725076028826,,cpu,,torch.float32,3,pass,False,True,False,False,False,False
fit_transform,regression,SigmaClip,tiny,300,10,240,hard_outlier,0.671331,0.682151,0.05419056217337725,,cpu,,torch.float32,3,pass,False,True,False,False,False,False
transform,regression,SigmaClip,tiny,300,10,240,hard_outlier,0.147592,0.152612,0.022072228402829346,,cpu,,torch.float32,3,pass,False,True,False,False,False,False
fit,regression,FeaturePermute,tiny,300,10,240,hard_outlier,0.080252,0.081951,0.011264608303097902,,cpu,,torch.float32,3,pass,False,True,False,False,False,False
fit_transform,regression,FeaturePermute,tiny,300,10,240,hard_outlier,0.187713,0.189533,0.00196940267311916,,cpu,,torch.float32,3,pass,False,True,False,False,False,False
transform,regression,FeaturePermute,tiny,300,10,240,hard_outlier,0.061511,0.068191,0.003214512231877318,,cpu,,torch.float32,3,pass,False,True,False,False,False,False
inverse_transform,regression,FeaturePermute,tiny,300,10,240,hard_outlier,0.128162,0.135392,0.026917355867337508,,cpu,,torch.float32,3,pass,False,True,False,False,False,False
transform,regression,SoftmaxTemperature,tiny,300,10,240,hard_outlier,0.06583,0.076161,0.005330363360555788,,cpu,,torch.float32,3,pass,False,True,False,False,False,False
feature_fit,regression,TabICLv2 Recipe,tiny,300,10,240,sigma_outlier,1.785298,2.576261,0.48640522006724674,,cpu,,torch.float32,3,pass,False,False,True,False,False,False
feature_transform,regression,TabICLv2 Recipe,tiny,300,10,240,sigma_outlier,0.805183,0.870384,0.035579127092533726,,cpu,,torch.float32,3,pass,False,False,True,False,False,False
feature_fit_transform,regression,TabICLv2 Recipe,tiny,300,10,240,sigma_outlier,1.705587,2.266856,0.27488143743197124,,cpu,,torch.float32,3,pass,False,False,True,False,False,False
target_fit,regression,TabICLv2 Recipe,tiny,300,10,240,sigma_outlier,0.696101,0.722732,0.06620598584384613,,cpu,,torch.float32,3,pass,False,False,True,False,False,False
target_transform,regression,TabICLv2 Recipe,tiny,300,10,240,sigma_outlier,0.326385,0.331166,0.030849943284658846,,cpu,,torch.float32,3,pass,False,False,True,False,False,False
target_fit_transform,regression,TabICLv2 Recipe,tiny,300,10,240,sigma_outlier,0.691421,0.697901,0.01377673208307719,,cpu,,torch.float32,3,pass,False,False,True,False,False,False
target_inverse_transform,regression,TabICLv2 Recipe,tiny,300,10,240,sigma_outlier,1.83896,3.376174,0.752809121778334,,cpu,,torch.float32,3,pass,False,False,True,False,False,False
model_output_inverse_mapping,regression,TabICLv2 Recipe,tiny,300,10,240,sigma_outlier,3.201781,11.751297,4.169462595319049,,cpu,,torch.float32,3,pass,False,False,True,False,False,False
output_transform,regression,TabICLv2 Recipe,tiny,300,10,240,sigma_outlier,0.01471,0.015691,0.0011781926837321644,,cpu,,torch.float32,3,pass,False,False,True,False,False,False
total_recipe_overhead,regression,TabICLv2 Recipe,tiny,300,10,240,sigma_outlier,9.444461,10.318995,0.7923835566598338,,cpu,,torch.float32,3,pass,False,False,True,False,False,False
fit,regression,StandardScale,tiny,300,10,240,sigma_outlier,0.088441,0.089622,0.0008874496542840517,,cpu,,torch.float32,3,pass,False,False,True,False,False,False
fit_transform,regression,StandardScale,tiny,300,10,240,sigma_outlier,0.149022,0.181963,0.016069356973928854,,cpu,,torch.float32,3,pass,False,False,True,False,False,False
transform,regression,StandardScale,tiny,300,10,240,sigma_outlier,0.056281,0.070101,0.00776907258872569,,cpu,,torch.float32,3,pass,False,False,True,False,False,False
inverse_transform,regression,StandardScale,tiny,300,10,240,sigma_outlier,0.049191,0.059391,0.005175592290313791,,cpu,,torch.float32,3,pass,False,False,True,False,False,False
transform,regression,HardClip,tiny,300,10,240,sigma_outlier,0.036111,0.090582,0.025680468769518638,,cpu,,torch.float32,3,pass,False,False,True,False,False,False
fit,regression,Power,tiny,300,10,240,sigma_outlier,105.016405,137.647206,19.00460894903908,,cpu,,torch.float32,3,pass,False,False,True,False,False,False
fit_transform,regression,Power,tiny,300,10,240,sigma_outlier,86.049773,111.238195,12.342149995164485,,cpu,,torch.float32,3,pass,False,False,True,False,False,False
transform,regression,Power,tiny,300,10,240,sigma_outlier,1.22252,1.346022,0.06705345460816238,,cpu,,torch.float32,3,pass,False,False,True,False,False,False
inverse_transform,regression,Power,tiny,300,10,240,sigma_outlier,1.397672,1.404742,0.005883202075967375,,cpu,,torch.float32,3,pass,False,False,True,False,False,False
fit,regression,SigmaClip,tiny,300,10,240,sigma_outlier,0.524638,0.531348,0.006210654841122298,,cpu,,torch.float32,3,pass,False,False,True,False,False,False
fit_transform,regression,SigmaClip,tiny,300,10,240,sigma_outlier,0.60894,0.61636,0.0052322674073695995,,cpu,,torch.float32,3,pass,False,False,True,False,False,False
transform,regression,SigmaClip,tiny,300,10,240,sigma_outlier,0.096192,0.116862,0.011829380288079333,,cpu,,torch.float32,3,pass,False,False,True,False,False,False
fit,regression,FeaturePermute,tiny,300,10,240,sigma_outlier,0.049031,0.05277,0.002511031704742539,,cpu,,torch.float32,3,pass,False,False,True,False,False,False
fit_transform,regression,FeaturePermute,tiny,300,10,240,sigma_outlier,0.116932,0.117832,0.001370117594304307,,cpu,,torch.float32,3,pass,False,False,True,False,False,False
transform,regression,FeaturePermute,tiny,300,10,240,sigma_outlier,0.062371,0.093222,0.014924843814555945,,cpu,,torch.float32,3,pass,False,False,True,False,False,False
inverse_transform,regression,FeaturePermute,tiny,300,10,240,sigma_outlier,0.075341,0.096261,0.010670621141974609,,cpu,,torch.float32,3,pass,False,False,True,False,False,False
transform,regression,SoftmaxTemperature,tiny,300,10,240,sigma_outlier,0.066251,0.076491,0.004843765752662556,,cpu,,torch.float32,3,pass,False,False,True,False,False,False
feature_fit,regression,TabICLv2 Recipe,tiny,300,10,240,categorical,2.825876,3.034329,0.11689081328696828,,cpu,,torch.float32,3,pass,False,False,False,True,False,False
feature_transform,regression,TabICLv2 Recipe,tiny,300,10,240,categorical,0.991446,1.072747,0.041323574307597734,,cpu,,torch.float32,3,pass,False,False,False,True,False,False
feature_fit_transform,regression,TabICLv2 Recipe,tiny,300,10,240,categorical,2.624502,2.769664,0.07460033298555421,,cpu,,torch.float32,3,pass,False,False,False,True,False,False
target_fit,regression,TabICLv2 Recipe,tiny,300,10,240,categorical,0.460947,0.58525,0.059517813708726476,,cpu,,torch.float32,3,pass,False,False,False,True,False,False
target_transform,regression,TabICLv2 Recipe,tiny,300,10,240,categorical,0.187353,0.210933,0.011916583216491033,,cpu,,torch.float32,3,pass,False,False,False,True,False,False
target_fit_transform,regression,TabICLv2 Recipe,tiny,300,10,240,categorical,0.456057,0.498668,0.02273321632912216,,cpu,,torch.float32,3,pass,False,False,False,True,False,False
target_inverse_transform,regression,TabICLv2 Recipe,tiny,300,10,240,categorical,1.349122,1.448023,0.054030094356962086,,cpu,,torch.float32,3,pass,False,False,False,True,False,False
model_output_inverse_mapping,regression,TabICLv2 Recipe,tiny,300,10,240,categorical,2.140594,2.147704,0.03826385056711123,,cpu,,torch.float32,3,pass,False,False,False,True,False,False
output_transform,regression,TabICLv2 Recipe,tiny,300,10,240,categorical,0.011661,0.01394,0.0011543570601084492,,cpu,,torch.float32,3,pass,False,False,False,True,False,False
total_recipe_overhead,regression,TabICLv2 Recipe,tiny,300,10,240,categorical,10.350985,10.535958,0.10238205901751889,,cpu,,torch.float32,3,pass,False,False,False,True,False,False
fit,regression,StandardScale,tiny,300,10,240,categorical,0.088552,0.092512,0.001926080706743328,,cpu,,torch.float32,3,pass,False,False,False,True,False,False
fit_transform,regression,StandardScale,tiny,300,10,240,categorical,0.149023,0.181583,0.01637915885101145,,cpu,,torch.float32,3,pass,False,False,False,True,False,False
transform,regression,StandardScale,tiny,300,10,240,categorical,0.057091,0.071701,0.00906682930001197,,cpu,,torch.float32,3,pass,False,False,False,True,False,False
inverse_transform,regression,StandardScale,tiny,300,10,240,categorical,0.051531,0.073711,0.01166529040453868,,cpu,,torch.float32,3,pass,False,False,False,True,False,False
transform,regression,HardClip,tiny,300,10,240,categorical,0.045651,0.063531,0.01153287360355413,,cpu,,torch.float32,3,pass,False,False,False,True,False,False
fit,regression,Power,tiny,300,10,240,categorical,71.770105,73.034415,0.7810554479819105,,cpu,,torch.float32,3,pass,False,False,False,True,False,False
fit_transform,regression,Power,tiny,300,10,240,categorical,73.044995,80.182619,3.487380107627215,,cpu,,torch.float32,3,pass,False,False,False,True,False,False
transform,regression,Power,tiny,300,10,240,categorical,1.091757,1.203939,0.06605036174011468,,cpu,,torch.float32,3,pass,False,False,False,True,False,False
inverse_transform,regression,Power,tiny,300,10,240,categorical,1.575095,1.757329,0.10699705857950795,,cpu,,torch.float32,3,pass,False,False,False,True,False,False
fit,regression,SigmaClip,tiny,300,10,240,categorical,0.61891,0.760912,0.07128624303468378,,cpu,,torch.float32,3,pass,False,False,False,True,False,False
fit_transform,regression,SigmaClip,tiny,300,10,240,categorical,0.547668,0.550689,0.00811265021774978,,cpu,,torch.float32,3,pass,False,False,False,True,False,False
transform,regression,SigmaClip,tiny,300,10,240,categorical,0.110882,0.111562,0.0037156246670871727,,cpu,,torch.float32,3,pass,False,False,False,True,False,False
fit,regression,FeaturePermute,tiny,300,10,240,categorical,0.056312,0.068632,0.006490064218138026,,cpu,,torch.float32,3,pass,False,False,False,True,False,False
fit_transform,regression,FeaturePermute,tiny,300,10,240,categorical,0.163432,0.182653,0.017020345283088583,,cpu,,torch.float32,3,pass,False,False,False,True,False,False
transform,regression,FeaturePermute,tiny,300,10,240,categorical,0.086181,0.088601,0.002969320910017419,,cpu,,torch.float32,3,pass,False,False,False,True,False,False
inverse_transform,regression,FeaturePermute,tiny,300,10,240,categorical,0.094471,0.104242,0.005719336810816053,,cpu,,torch.float32,3,pass,False,False,False,True,False,False
transform,regression,SoftmaxTemperature,tiny,300,10,240,categorical,0.083711,0.091991,0.004490278387806264,,cpu,,torch.float32,3,pass,False,False,False,True,False,False
fit,regression,CategoricalAlign,tiny,300,10,240,categorical,0.231994,0.277345,0.021552789615783437,,cpu,,torch.float32,3,pass,False,False,False,True,False,False
fit_transform,regression,CategoricalAlign,tiny,300,10,240,categorical,0.63695,0.664181,0.014102071959664484,,cpu,,torch.float32,3,pass,False,False,False,True,False,False
transform,regression,CategoricalAlign,tiny,300,10,240,categorical,0.415616,0.472937,0.035147389063769734,,cpu,,torch.float32,3,pass,False,False,False,True,False,False
feature_fit,regression,TabICLv2 Recipe,tiny,300,10,240,missing,1.469594,1.648136,0.08905049604578294,,cpu,,torch.float32,3,pass,False,False,False,False,True,False
feature_transform,regression,TabICLv2 Recipe,tiny,300,10,240,missing,0.487408,0.498108,0.008818698581234451,,cpu,,torch.float32,3,pass,False,False,False,False,True,False
feature_fit_transform,regression,TabICLv2 Recipe,tiny,300,10,240,missing,1.460174,1.553035,0.0479556528773083,,cpu,,torch.float32,3,pass,False,False,False,False,True,False
target_fit,regression,TabICLv2 Recipe,tiny,300,10,240,missing,0.498268,0.510378,0.006338617094182817,,cpu,,torch.float32,3,pass,False,False,False,False,True,False
target_transform,regression,TabICLv2 Recipe,tiny,300,10,240,missing,0.326615,0.380256,0.041372381133633895,,cpu,,torch.float32,3,pass,False,False,False,False,True,False
target_fit_transform,regression,TabICLv2 Recipe,tiny,300,10,240,missing,0.699741,0.738232,0.03499703597290618,,cpu,,torch.float32,3,pass,False,False,False,False,True,False
target_inverse_transform,regression,TabICLv2 Recipe,tiny,300,10,240,missing,2.318507,2.352497,0.2595607062587778,,cpu,,torch.float32,3,pass,False,False,False,False,True,False
model_output_inverse_mapping,regression,TabICLv2 Recipe,tiny,300,10,240,missing,3.538596,3.561697,0.10941643025412386,,cpu,,torch.float32,3,pass,False,False,False,False,True,False
output_transform,regression,TabICLv2 Recipe,tiny,300,10,240,missing,0.017181,0.036931,0.009452619049178322,,cpu,,torch.float32,3,pass,False,False,False,False,True,False
total_recipe_overhead,regression,TabICLv2 Recipe,tiny,300,10,240,missing,12.263296,13.558026,1.399245960066905,,cpu,,torch.float32,3,pass,False,False,False,False,True,False
feature_fit,regression,TabICLv2 Recipe,tiny,300,10,240,unknown_category,4.38626,4.982209,0.4968812066683769,,cpu,,torch.float32,3,pass,False,False,False,False,False,True
feature_transform,regression,TabICLv2 Recipe,tiny,300,10,240,unknown_category,1.535514,2.736694,0.6231135953729999,,cpu,,torch.float32,3,pass,False,False,False,False,False,True
feature_fit_transform,regression,TabICLv2 Recipe,tiny,300,10,240,unknown_category,3.524846,5.381636,1.0786413131518746,,cpu,,torch.float32,3,pass,False,False,False,False,False,True
target_fit,regression,TabICLv2 Recipe,tiny,300,10,240,unknown_category,0.475058,0.482658,0.011559235278435246,,cpu,,torch.float32,3,pass,False,False,False,False,False,True
target_transform,regression,TabICLv2 Recipe,tiny,300,10,240,unknown_category,0.197933,0.219774,0.015425006112010309,,cpu,,torch.float32,3,pass,False,False,False,False,False,True
target_fit_transform,regression,TabICLv2 Recipe,tiny,300,10,240,unknown_category,0.451627,0.496659,0.022461602515304994,,cpu,,torch.float32,3,pass,False,False,False,False,False,True
target_inverse_transform,regression,TabICLv2 Recipe,tiny,300,10,240,unknown_category,1.398572,1.87967,0.2533470808125135,,cpu,,torch.float32,3,pass,False,False,False,False,False,True
model_output_inverse_mapping,regression,TabICLv2 Recipe,tiny,300,10,240,unknown_category,2.031913,2.417238,0.19563795174931348,,cpu,,torch.float32,3,pass,False,False,False,False,False,True
output_transform,regression,TabICLv2 Recipe,tiny,300,10,240,unknown_category,0.012231,0.01282,0.0011402778413858422,,cpu,,torch.float32,3,pass,False,False,False,False,False,True
total_recipe_overhead,regression,TabICLv2 Recipe,tiny,300,10,240,unknown_category,9.631683,10.65079,0.5728761103141472,,cpu,,torch.float32,3,pass,False,False,False,False,False,True
feature_fit,regression,TabICLv2 Recipe,tiny,300,10,240,constant+hard_outlier+categorical+missing+unknown_category,2.886856,3.308253,0.21928724630645235,,cpu,,torch.float32,3,pass,True,True,False,True,True,True
feature_transform,regression,TabICLv2 Recipe,tiny,300,10,240,constant+hard_outlier+categorical+missing+unknown_category,1.122568,1.26421,0.06920408774695966,,cpu,,torch.float32,3,pass,True,True,False,True,True,True
feature_fit_transform,regression,TabICLv2 Recipe,tiny,300,10,240,constant+hard_outlier+categorical+missing+unknown_category,2.983128,3.309133,0.16342736712272735,,cpu,,torch.float32,3,pass,True,True,False,True,True,True
target_fit,regression,TabICLv2 Recipe,tiny,300,10,240,constant+hard_outlier+categorical+missing+unknown_category,0.489188,0.490668,0.008112305070419604,,cpu,,torch.float32,3,pass,True,True,False,True,True,True
target_transform,regression,TabICLv2 Recipe,tiny,300,10,240,constant+hard_outlier+categorical+missing+unknown_category,0.182933,0.240044,0.02874239772337877,,cpu,,torch.float32,3,pass,True,True,False,True,True,True
target_fit_transform,regression,TabICLv2 Recipe,tiny,300,10,240,constant+hard_outlier+categorical+missing+unknown_category,0.480318,0.508308,0.02323075026769475,,cpu,,torch.float32,3,pass,True,True,False,True,True,True
target_inverse_transform,regression,TabICLv2 Recipe,tiny,300,10,240,constant+hard_outlier+categorical+missing+unknown_category,1.371102,1.526714,0.08729204993328742,,cpu,,torch.float32,3,pass,True,True,False,True,True,True
model_output_inverse_mapping,regression,TabICLv2 Recipe,tiny,300,10,240,constant+hard_outlier+categorical+missing+unknown_category,2.076223,2.223716,0.10967603506995806,,cpu,,torch.float32,3,pass,True,True,False,True,True,True
output_transform,regression,TabICLv2 Recipe,tiny,300,10,240,constant+hard_outlier+categorical+missing+unknown_category,0.0114,0.01535,0.002023786934327711,,cpu,,torch.float32,3,pass,True,True,False,True,True,True
total_recipe_overhead,regression,TabICLv2 Recipe,tiny,300,10,240,constant+hard_outlier+categorical+missing+unknown_category,9.784966,10.487067,0.45560599192308926,,cpu,,torch.float32,3,pass,True,True,False,True,True,True
feature_fit,regression,TabICLv2 Recipe,tiny,300,10,240,constant+hard_outlier+sigma_outlier+categorical+missing+unknown_category,2.828106,3.13593,0.18391023490158342,,cpu,,torch.float32,3,pass,True,True,True,True,True,True
feature_transform,regression,TabICLv2 Recipe,tiny,300,10,240,constant+hard_outlier+sigma_outlier+categorical+missing+unknown_category,1.136338,1.216839,0.047462149810840515,,cpu,,torch.float32,3,pass,True,True,True,True,True,True
feature_fit_transform,regression,TabICLv2 Recipe,tiny,300,10,240,constant+hard_outlier+sigma_outlier+categorical+missing+unknown_category,3.000679,3.062579,0.06136821277067364,,cpu,,torch.float32,3,pass,True,True,True,True,True,True
target_fit,regression,TabICLv2 Recipe,tiny,300,10,240,constant+hard_outlier+sigma_outlier+categorical+missing+unknown_category,0.475108,0.552958,0.04147463897371499,,cpu,,torch.float32,3,pass,True,True,True,True,True,True
target_transform,regression,TabICLv2 Recipe,tiny,300,10,240,constant+hard_outlier+sigma_outlier+categorical+missing+unknown_category,0.194703,0.215413,0.010323191797544444,,cpu,,torch.float32,3,pass,True,True,True,True,True,True
target_fit_transform,regression,TabICLv2 Recipe,tiny,300,10,240,constant+hard_outlier+sigma_outlier+categorical+missing+unknown_category,0.462218,0.60278,0.06897990317154376,,cpu,,torch.float32,3,pass,True,True,True,True,True,True
target_inverse_transform,regression,TabICLv2 Recipe,tiny,300,10,240,constant+hard_outlier+sigma_outlier+categorical+missing+unknown_category,1.627826,1.830999,0.09714313948327317,,cpu,,torch.float32,3,pass,True,True,True,True,True,True
model_output_inverse_mapping,regression,TabICLv2 Recipe,tiny,300,10,240,constant+hard_outlier+sigma_outlier+categorical+missing+unknown_category,2.482119,2.628392,0.06923117287433134,,cpu,,torch.float32,3,pass,True,True,True,True,True,True
output_transform,regression,TabICLv2 Recipe,tiny,300,10,240,constant+hard_outlier+sigma_outlier+categorical+missing+unknown_category,0.01092,0.012371,0.0007583712078453991,,cpu,,torch.float32,3,pass,True,True,True,True,True,True
total_recipe_overhead,regression,TabICLv2 Recipe,tiny,300,10,240,constant+hard_outlier+sigma_outlier+categorical+missing+unknown_category,9.584723,12.759584,1.5869813190564028,,cpu,,torch.float32,3,pass,True,True,True,True,True,True
total_recipe_overhead,regression,TabICLv2 Recipe,tiny,300,10,240,missing+unknown_category,9.221477,9.44261,0.2118058202006945,,cpu,,torch.float32,3,pass,False,False,False,False,True,True
total_recipe_overhead,regression,TabICLv2 Recipe,tiny,300,10,240,categorical+unknown_category,9.460991,9.595173,0.13197452149647065,,cpu,,torch.float32,3,pass,False,False,False,True,False,True
total_recipe_overhead,regression,TabICLv2 Recipe,tiny,300,10,240,categorical+missing,9.485811,9.526402,0.24223465805013622,,cpu,,torch.float32,3,pass,False,False,False,True,True,False
total_recipe_overhead,regression,TabICLv2 Recipe,tiny,300,10,240,categorical+missing+unknown_category,12.58275,12.675562,1.3340232761178579,,cpu,,torch.float32,3,pass,False,False,False,True,True,True
total_recipe_overhead,regression,TabICLv2 Recipe,tiny,300,10,240,sigma_outlier+unknown_category,8.994753,9.224327,0.14596932967655316,,cpu,,torch.float32,3,pass,False,False,True,False,False,True
total_recipe_overhead,regression,TabICLv2 Recipe,tiny,300,10,240,sigma_outlier+missing,9.700845,10.551619,0.6837909148705879,,cpu,,torch.float32,3,pass,False,False,True,False,True,False
total_recipe_overhead,regression,TabICLv2 Recipe,tiny,300,10,240,sigma_outlier+missing+unknown_category,10.474207,12.457179,1.2934665382094563,,cpu,,torch.float32,3,pass,False,False,True,False,True,True
total_recipe_overhead,regression,TabICLv2 Recipe,tiny,300,10,240,sigma_outlier+categorical,12.52958,12.991037,0.4852675647669945,,cpu,,torch.float32,3,pass,False,False,True,True,False,False
total_recipe_overhead,regression,TabICLv2 Recipe,tiny,300,10,240,sigma_outlier+categorical+unknown_category,9.98581,12.600861,1.601382781048998,,cpu,,torch.float32,3,pass,False,False,True,True,False,True
total_recipe_overhead,regression,TabICLv2 Recipe,tiny,300,10,240,sigma_outlier+categorical+missing,10.490087,12.479008,0.9485243868909692,,cpu,,torch.float32,3,pass,False,False,True,True,True,False
total_recipe_overhead,regression,TabICLv2 Recipe,tiny,300,10,240,sigma_outlier+categorical+missing+unknown_category,9.99721,11.627846,1.1586311623267629,,cpu,,torch.float32,3,pass,False,False,True,True,True,True
total_recipe_overhead,regression,TabICLv2 Recipe,tiny,300,10,240,hard_outlier+unknown_category,11.27585,12.389368,0.836896703210272,,cpu,,torch.float32,3,pass,False,True,False,False,False,True
total_recipe_overhead,regression,TabICLv2 Recipe,tiny,300,10,240,hard_outlier+missing,9.118305,11.93925,2.013775088961525,,cpu,,torch.float32,3,pass,False,True,False,False,True,False
total_recipe_overhead,regression,TabICLv2 Recipe,tiny,300,10,240,hard_outlier+missing+unknown_category,13.106869,111.788014,46.53314384023142,,cpu,,torch.float32,3,pass,False,True,False,False,True,True
total_recipe_overhead,regression,TabICLv2 Recipe,tiny,300,10,240,hard_outlier+categorical,13.065369,15.350275,1.8478513639435998,,cpu,,torch.float32,3,pass,False,True,False,True,False,False
total_recipe_overhead,regression,TabICLv2 Recipe,tiny,300,10,240,hard_outlier+categorical+unknown_category,10.975676,13.570567,1.4225927186706988,,cpu,,torch.float32,3,pass,False,True,False,True,False,True
total_recipe_overhead,regression,TabICLv2 Recipe,tiny,300,10,240,hard_outlier+categorical+missing,10.848993,14.460661,2.1510529967641947,,cpu,,torch.float32,3,pass,False,True,False,True,True,False
total_recipe_overhead,regression,TabICLv2 Recipe,tiny,300,10,240,hard_outlier+categorical+missing+unknown_category,11.90572,15.439786,1.8590027479653946,,cpu,,torch.float32,3,pass,False,True,False,True,True,True
total_recipe_overhead,regression,TabICLv2 Recipe,tiny,300,10,240,hard_outlier+sigma_outlier,11.412722,11.763928,1.726913245853615,,cpu,,torch.float32,3,pass,False,True,True,False,False,False
total_recipe_overhead,regression,TabICLv2 Recipe,tiny,300,10,240,hard_outlier+sigma_outlier+unknown_category,9.530273,10.02101,0.33542644243708686,,cpu,,torch.float32,3,pass,False,True,True,False,False,True
total_recipe_overhead,regression,TabICLv2 Recipe,tiny,300,10,240,hard_outlier+sigma_outlier+missing,7.361677,7.786124,0.24123617153090643,,cpu,,torch.float32,3,pass,False,True,True,False,True,False
total_recipe_overhead,regression,TabICLv2 Recipe,tiny,300,10,240,hard_outlier+sigma_outlier+missing+unknown_category,12.838125,13.81214,1.096265128317152,,cpu,,torch.float32,3,pass,False,True,True,False,True,True
total_recipe_overhead,regression,TabICLv2 Recipe,tiny,300,10,240,hard_outlier+sigma_outlier+categorical,11.459403,14.154986,1.482242135890309,,cpu,,torch.float32,3,pass,False,True,True,True,False,False
total_recipe_overhead,regression,TabICLv2 Recipe,tiny,300,10,240,hard_outlier+sigma_outlier+categorical+unknown_category,12.788264,14.045575,0.7763759544477575,,cpu,,torch.float32,3,pass,False,True,True,True,False,True
total_recipe_overhead,regression,TabICLv2 Recipe,tiny,300,10,240,hard_outlier+sigma_outlier+categorical+missing,13.17605,19.116035,3.2991602824903796,,cpu,,torch.float32,3,pass,False,True,True,True,True,False
total_recipe_overhead,regression,TabICLv2 Recipe,tiny,300,10,240,hard_outlier+sigma_outlier+categorical+missing+unknown_category,10.308864,10.492968,0.1453067732060535,,cpu,,torch.float32,3,pass,False,True,True,True,True,True
total_recipe_overhead,regression,TabICLv2 Recipe,tiny,300,10,240,constant+unknown_category,11.760488,13.21323,1.173713453805579,,cpu,,torch.float32,3,pass,True,False,False,False,False,True
total_recipe_overhead,regression,TabICLv2 Recipe,tiny,300,10,240,constant+missing,11.944061,14.839346,1.86309314244535,,cpu,,torch.float32,3,pass,True,False,False,False,True,False
total_recipe_overhead,regression,TabICLv2 Recipe,tiny,300,10,240,constant+missing+unknown_category,15.831753,15.896673,2.3422992702044336,,cpu,,torch.float32,3,pass,True,False,False,False,True,True
total_recipe_overhead,regression,TabICLv2 Recipe,tiny,300,10,240,constant+categorical,13.699338,15.732281,1.0403496514032622,,cpu,,torch.float32,3,pass,True,False,False,True,False,False
total_recipe_overhead,regression,TabICLv2 Recipe,tiny,300,10,240,constant+categorical+unknown_category,22.156384,31.681135,5.497746114672469,,cpu,,torch.float32,3,pass,True,False,False,True,False,True
total_recipe_overhead,regression,TabICLv2 Recipe,tiny,300,10,240,constant+categorical+missing,12.475609,13.210261,1.4250126299352184,,cpu,,torch.float32,3,pass,True,False,False,True,True,False
total_recipe_overhead,regression,TabICLv2 Recipe,tiny,300,10,240,constant+categorical+missing+unknown_category,11.26202,11.650496,1.0768812965568677,,cpu,,torch.float32,3,pass,True,False,False,True,True,True
total_recipe_overhead,regression,TabICLv2 Recipe,tiny,300,10,240,constant+sigma_outlier,9.946528,10.699231,0.5425713101390447,,cpu,,torch.float32,3,pass,True,False,True,False,False,False
total_recipe_overhead,regression,TabICLv2 Recipe,tiny,300,10,240,constant+sigma_outlier+unknown_category,12.717823,16.384311,2.918757223184324,,cpu,,torch.float32,3,pass,True,False,True,False,False,True
total_recipe_overhead,regression,TabICLv2 Recipe,tiny,300,10,240,constant+sigma_outlier+missing,12.634932,14.586302,1.4916305195682864,,cpu,,torch.float32,3,pass,True,False,True,False,True,False
total_recipe_overhead,regression,TabICLv2 Recipe,tiny,300,10,240,constant+sigma_outlier+missing+unknown_category,14.666444,18.698248,3.324795306285319,,cpu,,torch.float32,3,pass,True,False,True,False,True,True
total_recipe_overhead,regression,TabICLv2 Recipe,tiny,300,10,240,constant+sigma_outlier+categorical,11.759828,12.285316,0.2586075910344988,,cpu,,torch.float32,3,pass,True,False,True,True,False,False
total_recipe_overhead,regression,TabICLv2 Recipe,tiny,300,10,240,constant+sigma_outlier+categorical+unknown_category,10.672411,13.82663,1.4914213611049767,,cpu,,torch.float32,3,pass,True,False,True,True,False,True
total_recipe_overhead,regression,TabICLv2 Recipe,tiny,300,10,240,constant+sigma_outlier+categorical+missing,9.840057,10.270674,0.2055412470954565,,cpu,,torch.float32,3,pass,True,False,True,True,True,False
total_recipe_overhead,regression,TabICLv2 Recipe,tiny,300,10,240,constant+sigma_outlier+categorical+missing+unknown_category,9.873938,10.050761,0.10511801065574931,,cpu,,torch.float32,3,pass,True,False,True,True,True,True
total_recipe_overhead,regression,TabICLv2 Recipe,tiny,300,10,240,constant+hard_outlier,7.754444,7.803544,0.023468425033553904,,cpu,,torch.float32,3,pass,True,True,False,False,False,False
total_recipe_overhead,regression,TabICLv2 Recipe,tiny,300,10,240,constant+hard_outlier+unknown_category,10.00897,10.043511,0.34561634984698825,,cpu,,torch.float32,3,pass,True,True,False,False,False,True
total_recipe_overhead,regression,TabICLv2 Recipe,tiny,300,10,240,constant+hard_outlier+missing,7.430218,9.805247,1.1535466188181942,,cpu,,torch.float32,3,pass,True,True,False,False,True,False
total_recipe_overhead,regression,TabICLv2 Recipe,tiny,300,10,240,constant+hard_outlier+missing+unknown_category,10.717511,12.834465,1.3540952991953294,,cpu,,torch.float32,3,pass,True,True,False,False,True,True
total_recipe_overhead,regression,TabICLv2 Recipe,tiny,300,10,240,constant+hard_outlier+categorical,11.422573,12.259716,1.284963046009322,,cpu,,torch.float32,3,pass,True,True,False,True,False,False
total_recipe_overhead,regression,TabICLv2 Recipe,tiny,300,10,240,constant+hard_outlier+categorical+unknown_category,11.853,12.021332,1.244858607299729,,cpu,,torch.float32,3,pass,True,True,False,True,False,True
total_recipe_overhead,regression,TabICLv2 Recipe,tiny,300,10,240,constant+hard_outlier+categorical+missing,9.704055,12.55416,1.4422948922580137,,cpu,,torch.float32,3,pass,True,True,False,True,True,False
total_recipe_overhead,regression,TabICLv2 Recipe,tiny,300,10,240,constant+hard_outlier+sigma_outlier,8.018228,10.704881,1.4634276135052104,,cpu,,torch.float32,3,pass,True,True,True,False,False,False
total_recipe_overhead,regression,TabICLv2 Recipe,tiny,300,10,240,constant+hard_outlier+sigma_outlier+unknown_category,9.561183,9.678764,0.13531349683933522,,cpu,,torch.float32,3,pass,True,True,True,False,False,True
total_recipe_overhead,regression,TabICLv2 Recipe,tiny,300,10,240,constant+hard_outlier+sigma_outlier+missing,7.909366,9.488572,0.7924337025620641,,cpu,,torch.float32,3,pass,True,True,True,False,True,False
total_recipe_overhead,regression,TabICLv2 Recipe,tiny,300,10,240,constant+hard_outlier+sigma_outlier+missing+unknown_category,9.596443,9.923148,0.17223582339403742,,cpu,,torch.float32,3,pass,True,True,True,False,True,True
total_recipe_overhead,regression,TabICLv2 Recipe,tiny,300,10,240,constant+hard_outlier+sigma_outlier+categorical,11.491973,11.95489,1.1523861025849322,,cpu,,torch.float32,3,pass,True,True,True,True,False,False
total_recipe_overhead,regression,TabICLv2 Recipe,tiny,300,10,240,constant+hard_outlier+sigma_outlier+categorical+unknown_category,12.445509,13.1679,0.6646673767366647,,cpu,,torch.float32,3,pass,True,True,True,True,False,True
total_recipe_overhead,regression,TabICLv2 Recipe,tiny,300,10,240,constant+hard_outlier+sigma_outlier+categorical+missing,11.437503,11.798698,0.9703874779380082,,cpu,,torch.float32,3,pass,True,True,True,True,True,False
feature_fit,classification,TabICLv2 Recipe,small,1000,50,800,baseline,2.480409,2.949137,0.30814505013494325,,cpu,,torch.float32,3,pass,False,False,False,False,False,False
feature_transform,classification,TabICLv2 Recipe,small,1000,50,800,baseline,1.037017,1.068757,0.03028213371316858,,cpu,,torch.float32,3,pass,False,False,False,False,False,False
feature_fit_transform,classification,TabICLv2 Recipe,small,1000,50,800,baseline,2.893176,3.004127,0.21980150119950403,,cpu,,torch.float32,3,pass,False,False,False,False,False,False
target_fit,classification,TabICLv2 Recipe,small,1000,50,800,baseline,2.49502,3.187531,0.34482765366129725,,cpu,,torch.float32,3,pass,False,False,False,False,False,False
target_transform,classification,TabICLv2 Recipe,small,1000,50,800,baseline,1.147389,1.22745,0.12201999074013332,,cpu,,torch.float32,3,pass,False,False,False,False,False,False
target_fit_transform,classification,TabICLv2 Recipe,small,1000,50,800,baseline,2.49912,3.11872,0.30773068905601364,,cpu,,torch.float32,3,pass,False,False,False,False,False,False
model_output_inverse_mapping,classification,TabICLv2 Recipe,small,1000,50,800,baseline,0.097211,0.105112,0.006763366370873799,,cpu,,torch.float32,3,pass,False,False,False,False,False,False
output_transform,classification,TabICLv2 Recipe,small,1000,50,800,baseline,0.087052,0.094731,0.005775805302197161,,cpu,,torch.float32,3,pass,False,False,False,False,False,False
total_recipe_overhead,classification,TabICLv2 Recipe,small,1000,50,800,baseline,11.469433,11.501424,0.17888115602451427,,cpu,,torch.float32,3,pass,False,False,False,False,False,False
fit,classification,StandardScale,small,1000,50,800,baseline,0.236124,0.247834,0.008615684663578524,,cpu,,torch.float32,3,pass,False,False,False,False,False,False
fit_transform,classification,StandardScale,small,1000,50,800,baseline,0.349485,0.371946,0.011207685468264875,,cpu,,torch.float32,3,pass,False,False,False,False,False,False
transform,classification,StandardScale,small,1000,50,800,baseline,0.121892,0.135022,0.006477635027967813,,cpu,,torch.float32,3,pass,False,False,False,False,False,False
inverse_transform,classification,StandardScale,small,1000,50,800,baseline,0.116062,0.116132,0.001638379958644785,,cpu,,torch.float32,3,pass,False,False,False,False,False,False
transform,classification,HardClip,small,1000,50,800,baseline,0.116902,0.133352,0.01585440023743847,,cpu,,torch.float32,3,pass,False,False,False,False,False,False
fit,classification,Power,small,1000,50,800,baseline,546.384648,572.153639,32.227768703108445,,cpu,,torch.float32,3,pass,False,False,False,False,False,False
fit_transform,classification,Power,small,1000,50,800,baseline,454.133546,611.622979,78.20620849296098,,cpu,,torch.float32,3,pass,False,False,False,False,False,False
transform,classification,Power,small,1000,50,800,baseline,7.032001,7.291267,0.1887286060234528,,cpu,,torch.float32,3,pass,False,False,False,False,False,False
inverse_transform,classification,Power,small,1000,50,800,baseline,9.759646,10.329474,0.7204736036859516,,cpu,,torch.float32,3,pass,False,False,False,False,False,False
fit,classification,SigmaClip,small,1000,50,800,baseline,0.971325,0.972076,0.0028100830750867186,,cpu,,torch.float32,3,pass,False,False,False,False,False,False
fit_transform,classification,SigmaClip,small,1000,50,800,baseline,1.348341,1.384042,0.07130283609288544,,cpu,,torch.float32,3,pass,False,False,False,False,False,False
transform,classification,SigmaClip,small,1000,50,800,baseline,0.211603,0.272115,0.02874011112636058,,cpu,,torch.float32,3,pass,False,False,False,False,False,False
fit,classification,FeaturePermute,small,1000,50,800,baseline,0.069191,0.071901,0.007033701412169527,,cpu,,torch.float32,3,pass,False,False,False,False,False,False
fit_transform,classification,FeaturePermute,small,1000,50,800,baseline,0.202863,0.267625,0.031346016312550254,,cpu,,torch.float32,3,pass,False,False,False,False,False,False
transform,classification,FeaturePermute,small,1000,50,800,baseline,0.155873,0.163913,0.007198291463951713,,cpu,,torch.float32,3,pass,False,False,False,False,False,False
inverse_transform,classification,FeaturePermute,small,1000,50,800,baseline,0.182203,0.222233,0.023453120616810617,,cpu,,torch.float32,3,pass,False,False,False,False,False,False
transform,classification,SoftmaxTemperature,small,1000,50,800,baseline,0.113602,0.122942,0.004433877159627526,,cpu,,torch.float32,3,pass,False,False,False,False,False,False
fit,classification,ClassShuffle,small,1000,50,800,baseline,0.105092,0.106252,0.012011769422806394,,cpu,,torch.float32,3,pass,False,False,False,False,False,False
fit_transform,classification,ClassShuffle,small,1000,50,800,baseline,0.58055,0.713961,0.12162424394923167,,cpu,,torch.float32,3,pass,False,False,False,False,False,False
transform,classification,ClassShuffle,small,1000,50,800,baseline,0.492417,0.569679,0.04773709157458172,,cpu,,torch.float32,3,pass,False,False,False,False,False,False
feature_fit,classification,TabICLv2 Recipe,small,1000,50,800,constant,3.940363,4.045944,0.18287895080322658,,cpu,,torch.float32,3,pass,True,False,False,False,False,False
feature_transform,classification,TabICLv2 Recipe,small,1000,50,800,constant,1.553505,1.604046,0.04320366875625268,,cpu,,torch.float32,3,pass,True,False,False,False,False,False
feature_fit_transform,classification,TabICLv2 Recipe,small,1000,50,800,constant,3.406384,3.420115,0.006515696278986654,,cpu,,torch.float32,3,pass,True,False,False,False,False,False
target_fit,classification,TabICLv2 Recipe,small,1000,50,800,constant,3.081899,3.104089,0.027715885136305716,,cpu,,torch.float32,3,pass,True,False,False,False,False,False
target_transform,classification,TabICLv2 Recipe,small,1000,50,800,constant,1.219989,1.229549,0.0570373965453076,,cpu,,torch.float32,3,pass,True,False,False,False,False,False
target_fit_transform,classification,TabICLv2 Recipe,small,1000,50,800,constant,3.118389,3.230992,0.22352746692421388,,cpu,,torch.float32,3,pass,True,False,False,False,False,False
model_output_inverse_mapping,classification,TabICLv2 Recipe,small,1000,50,800,constant,0.125992,0.136752,0.010877758143212337,,cpu,,torch.float32,3,pass,True,False,False,False,False,False
output_transform,classification,TabICLv2 Recipe,small,1000,50,800,constant,0.090841,0.564179,0.22329388695767438,,cpu,,torch.float32,3,pass,True,False,False,False,False,False
total_recipe_overhead,classification,TabICLv2 Recipe,small,1000,50,800,constant,10.720461,48.829229,18.0491131915777,,cpu,,torch.float32,3,pass,True,False,False,False,False,False
feature_fit,classification,TabICLv2 Recipe,small,1000,50,800,hard_outlier,3.077349,3.10514,0.17049860868836056,,cpu,,torch.float32,3,pass,False,True,False,False,False,False
feature_transform,classification,TabICLv2 Recipe,small,1000,50,800,hard_outlier,1.084467,1.086057,0.008916704672816208,,cpu,,torch.float32,3,pass,False,True,False,False,False,False
feature_fit_transform,classification,TabICLv2 Recipe,small,1000,50,800,hard_outlier,2.315277,3.020818,0.34798748783477185,,cpu,,torch.float32,3,pass,False,True,False,False,False,False
target_fit,classification,TabICLv2 Recipe,small,1000,50,800,hard_outlier,2.883837,3.11504,0.2668581736965662,,cpu,,torch.float32,3,pass,False,True,False,False,False,False
target_transform,classification,TabICLv2 Recipe,small,1000,50,800,hard_outlier,1.220729,1.322171,0.1641885438878121,,cpu,,torch.float32,3,pass,False,True,False,False,False,False
target_fit_transform,classification,TabICLv2 Recipe,small,1000,50,800,hard_outlier,3.075128,3.10749,0.05359882077268329,,cpu,,torch.float32,3,pass,False,True,False,False,False,False
model_output_inverse_mapping,classification,TabICLv2 Recipe,small,1000,50,800,hard_outlier,0.105831,0.113542,0.011550842595528119,,cpu,,torch.float32,3,pass,False,True,False,False,False,False
output_transform,classification,TabICLv2 Recipe,small,1000,50,800,hard_outlier,0.089782,0.091402,0.0011597644396840055,,cpu,,torch.float32,3,pass,False,True,False,False,False,False
total_recipe_overhead,classification,TabICLv2 Recipe,small,1000,50,800,hard_outlier,9.121815,9.176896,0.4263911409031223,,cpu,,torch.float32,3,pass,False,True,False,False,False,False
fit,classification,StandardScale,small,1000,50,800,hard_outlier,0.229153,0.242954,0.007179521200377269,,cpu,,torch.float32,3,pass,False,True,False,False,False,False
fit_transform,classification,StandardScale,small,1000,50,800,hard_outlier,0.339466,0.342156,0.005626475332449864,,cpu,,torch.float32,3,pass,False,True,False,False,False,False
transform,classification,StandardScale,small,1000,50,800,hard_outlier,0.112182,0.118392,0.004314242562592982,,cpu,,torch.float32,3,pass,False,True,False,False,False,False
inverse_transform,classification,StandardScale,small,1000,50,800,hard_outlier,0.106032,0.114362,0.004152501254264312,,cpu,,torch.float32,3,pass,False,True,False,False,False,False
transform,classification,HardClip,small,1000,50,800,hard_outlier,0.074631,0.084251,0.004814897737462577,,cpu,,torch.float32,3,pass,False,True,False,False,False,False
fit,classification,Power,small,1000,50,800,hard_outlier,605.464319,618.742341,36.607397895873966,,cpu,,torch.float32,3,pass,False,True,False,False,False,False
fit_transform,classification,Power,small,1000,50,800,hard_outlier,468.400302,552.302241,42.67652107420395,,cpu,,torch.float32,3,pass,False,True,False,False,False,False
transform,classification,Power,small,1000,50,800,hard_outlier,7.478149,7.49667,0.017547347194249965,,cpu,,torch.float32,3,pass,False,True,False,False,False,False
inverse_transform,classification,Power,small,1000,50,800,hard_outlier,8.272722,8.385523,0.09044920517186529,,cpu,,torch.float32,3,pass,False,True,False,False,False,False
fit,classification,SigmaClip,small,1000,50,800,hard_outlier,1.021926,1.027286,0.0034836028603858885,,cpu,,torch.float32,3,pass,False,True,False,False,False,False
fit_transform,classification,SigmaClip,small,1000,50,800,hard_outlier,1.217409,1.25612,0.01884459834777296,,cpu,,torch.float32,3,pass,False,True,False,False,False,False
transform,classification,SigmaClip,small,1000,50,800,hard_outlier,0.230474,0.240424,0.011863905961641249,,cpu,,torch.float32,3,pass,False,True,False,False,False,False
fit,classification,FeaturePermute,small,1000,50,800,hard_outlier,0.047691,0.05094,0.0016479314306123303,,cpu,,torch.float32,3,pass,False,True,False,False,False,False
fit_transform,classification,FeaturePermute,small,1000,50,800,hard_outlier,0.174732,0.176983,0.002509861483561726,,cpu,,torch.float32,3,pass,False,True,False,False,False,False
transform,classification,FeaturePermute,small,1000,50,800,hard_outlier,0.122612,0.124862,0.00921706026887098,,cpu,,torch.float32,3,pass,False,True,False,False,False,False
inverse_transform,classification,FeaturePermute,small,1000,50,800,hard_outlier,0.118082,0.141882,0.012431434171307655,,cpu,,torch.float32,3,pass,False,True,False,False,False,False
transform,classification,SoftmaxTemperature,small,1000,50,800,hard_outlier,0.102561,0.107002,0.0035483714887568117,,cpu,,torch.float32,3,pass,False,True,False,False,False,False
fit,classification,ClassShuffle,small,1000,50,800,hard_outlier,0.071951,0.074811,0.0017481609384340637,,cpu,,torch.float32,3,pass,False,True,False,False,False,False
fit_transform,classification,ClassShuffle,small,1000,50,800,hard_outlier,0.472428,0.473027,0.00905921766305825,,cpu,,torch.float32,3,pass,False,True,False,False,False,False
transform,classification,ClassShuffle,small,1000,50,800,hard_outlier,0.374616,0.383295,0.010834414930622184,,cpu,,torch.float32,3,pass,False,True,False,False,False,False
feature_fit,classification,TabICLv2 Recipe,small,1000,50,800,sigma_outlier,2.864516,2.876186,0.22258362605446874,,cpu,,torch.float32,3,pass,False,False,True,False,False,False
feature_transform,classification,TabICLv2 Recipe,small,1000,50,800,sigma_outlier,0.814183,1.110958,0.17170477646303905,,cpu,,torch.float32,3,pass,False,False,True,False,False,False
feature_fit_transform,classification,TabICLv2 Recipe,small,1000,50,800,sigma_outlier,2.779074,2.903427,0.3181104716733201,,cpu,,torch.float32,3,pass,False,False,True,False,False,False
target_fit,classification,TabICLv2 Recipe,small,1000,50,800,sigma_outlier,2.46369,3.073719,0.3108355258378439,,cpu,,torch.float32,3,pass,False,False,True,False,False,False
target_transform,classification,TabICLv2 Recipe,small,1000,50,800,sigma_outlier,1.217699,1.26479,0.02858159781320064,,cpu,,torch.float32,3,pass,False,False,True,False,False,False
target_fit_transform,classification,TabICLv2 Recipe,small,1000,50,800,sigma_outlier,2.397928,2.448329,0.0266388337707692,,cpu,,torch.float32,3,pass,False,False,True,False,False,False
model_output_inverse_mapping,classification,TabICLv2 Recipe,small,1000,50,800,sigma_outlier,0.109802,0.116042,0.011542244736426085,,cpu,,torch.float32,3,pass,False,False,True,False,False,False
output_transform,classification,TabICLv2 Recipe,small,1000,50,800,sigma_outlier,0.072881,0.100962,0.013936093913129157,,cpu,,torch.float32,3,pass,False,False,True,False,False,False
total_recipe_overhead,classification,TabICLv2 Recipe,small,1000,50,800,sigma_outlier,8.948002,9.662304,0.69553286278124,,cpu,,torch.float32,3,pass,False,False,True,False,False,False
fit,classification,StandardScale,small,1000,50,800,sigma_outlier,0.205043,0.218854,0.007781170877330876,,cpu,,torch.float32,3,pass,False,False,True,False,False,False
fit_transform,classification,StandardScale,small,1000,50,800,sigma_outlier,0.308075,0.310796,0.010064928116981266,,cpu,,torch.float32,3,pass,False,False,True,False,False,False
transform,classification,StandardScale,small,1000,50,800,sigma_outlier,0.109301,0.115152,0.004410240885333441,,cpu,,torch.float32,3,pass,False,False,True,False,False,False
inverse_transform,classification,StandardScale,small,1000,50,800,sigma_outlier,0.102132,0.132263,0.014311134833486202,,cpu,,torch.float32,3,pass,False,False,True,False,False,False
transform,classification,HardClip,small,1000,50,800,sigma_outlier,0.077381,0.082632,0.003074629191734617,,cpu,,torch.float32,3,pass,False,False,True,False,False,False
fit,classification,Power,small,1000,50,800,sigma_outlier,570.40907,926.847836,171.60955113465013,,cpu,,torch.float32,3,pass,False,False,True,False,False,False
fit_transform,classification,Power,small,1000,50,800,sigma_outlier,486.596173,573.470538,53.82651019487831,,cpu,,torch.float32,3,pass,False,False,True,False,False,False
transform,classification,Power,small,1000,50,800,sigma_outlier,8.660498,9.312728,1.116015877108386,,cpu,,torch.float32,3,pass,False,False,True,False,False,False
inverse_transform,classification,Power,small,1000,50,800,sigma_outlier,8.811341,9.442281,0.7802378894072411,,cpu,,torch.float32,3,pass,False,False,True,False,False,False
fit,classification,SigmaClip,small,1000,50,800,sigma_outlier,0.949495,1.146019,0.13283969183275837,,cpu,,torch.float32,3,pass,False,False,True,False,False,False
fit_transform,classification,SigmaClip,small,1000,50,800,sigma_outlier,1.298141,1.298801,0.16526804496937697,,cpu,,torch.float32,3,pass,False,False,True,False,False,False
transform,classification,SigmaClip,small,1000,50,800,sigma_outlier,0.203583,0.211563,0.003942486525024537,,cpu,,torch.float32,3,pass,False,False,True,False,False,False
fit,classification,FeaturePermute,small,1000,50,800,sigma_outlier,0.061011,0.065411,0.0027868899432082973,,cpu,,torch.float32,3,pass,False,False,True,False,False,False
fit_transform,classification,FeaturePermute,small,1000,50,800,sigma_outlier,0.221314,0.237274,0.010038964101052573,,cpu,,torch.float32,3,pass,False,False,True,False,False,False
transform,classification,FeaturePermute,small,1000,50,800,sigma_outlier,0.160773,0.169832,0.004947209785997226,,cpu,,torch.float32,3,pass,False,False,True,False,False,False
inverse_transform,classification,FeaturePermute,small,1000,50,800,sigma_outlier,0.122802,0.149372,0.01329160720989837,,cpu,,torch.float32,3,pass,False,False,True,False,False,False
transform,classification,SoftmaxTemperature,small,1000,50,800,sigma_outlier,0.095912,0.101372,0.00402168845138457,,cpu,,torch.float32,3,pass,False,False,True,False,False,False
fit,classification,ClassShuffle,small,1000,50,800,sigma_outlier,0.083171,0.102551,0.013467844007940629,,cpu,,torch.float32,3,pass,False,False,True,False,False,False
fit_transform,classification,ClassShuffle,small,1000,50,800,sigma_outlier,0.449377,0.474578,0.032568959158478905,,cpu,,torch.float32,3,pass,False,False,True,False,False,False
transform,classification,ClassShuffle,small,1000,50,800,sigma_outlier,0.314575,0.314985,0.001477933993414071,,cpu,,torch.float32,3,pass,False,False,True,False,False,False
feature_fit,classification,TabICLv2 Recipe,small,1000,50,800,categorical,8.260522,8.634988,0.3893481125251398,,cpu,,torch.float32,3,pass,False,False,False,True,False,False
feature_transform,classification,TabICLv2 Recipe,small,1000,50,800,categorical,3.163831,3.247611,0.4311312910433046,,cpu,,torch.float32,3,pass,False,False,False,True,False,False
feature_fit_transform,classification,TabICLv2 Recipe,small,1000,50,800,categorical,6.616016,6.87557,0.2570685925913333,,cpu,,torch.float32,3,pass,False,False,False,True,False,False
target_fit,classification,TabICLv2 Recipe,small,1000,50,800,categorical,3.146751,3.1798,0.02431696911395202,,cpu,,torch.float32,3,pass,False,False,False,True,False,False
target_transform,classification,TabICLv2 Recipe,small,1000,50,800,categorical,1.000696,1.125088,0.08234173675333524,,cpu,,torch.float32,3,pass,False,False,False,True,False,False
target_fit_transform,classification,TabICLv2 Recipe,small,1000,50,800,categorical,2.941997,3.142281,0.12550554904155528,,cpu,,torch.float32,3,pass,False,False,False,True,False,False
model_output_inverse_mapping,classification,TabICLv2 Recipe,small,1000,50,800,categorical,0.125332,0.151102,0.017772124865142663,,cpu,,torch.float32,3,pass,False,False,False,True,False,False
output_transform,classification,TabICLv2 Recipe,small,1000,50,800,categorical,0.07201,0.072631,0.0015708075064189855,,cpu,,torch.float32,3,pass,False,False,False,True,False,False
total_recipe_overhead,classification,TabICLv2 Recipe,small,1000,50,800,categorical,17.616861,19.074524,1.985428555871055,,cpu,,torch.float32,3,pass,False,False,False,True,False,False
fit,classification,StandardScale,small,1000,50,800,categorical,0.220054,0.228673,0.011269251981485822,,cpu,,torch.float32,3,pass,False,False,False,True,False,False
fit_transform,classification,StandardScale,small,1000,50,800,categorical,0.271914,0.310955,0.01991528721024797,,cpu,,torch.float32,3,pass,False,False,False,True,False,False
transform,classification,StandardScale,small,1000,50,800,categorical,0.073331,0.080041,0.003236153409356377,,cpu,,torch.float32,3,pass,False,False,False,True,False,False
inverse_transform,classification,StandardScale,small,1000,50,800,categorical,0.077481,0.079872,0.002715538047770436,,cpu,,torch.float32,3,pass,False,False,False,True,False,False
transform,classification,HardClip,small,1000,50,800,categorical,0.066841,0.069311,0.00623625065421702,,cpu,,torch.float32,3,pass,False,False,False,True,False,False
fit,classification,Power,small,1000,50,800,categorical,484.440848,580.566021,55.371236280931065,,cpu,,torch.float32,3,pass,False,False,False,True,False,False
fit_transform,classification,Power,small,1000,50,800,categorical,460.635098,469.48746,29.71554080457956,,cpu,,torch.float32,3,pass,False,False,False,True,False,False
transform,classification,Power,small,1000,50,800,categorical,7.900116,7.953427,0.30621884621985995,,cpu,,torch.float32,3,pass,False,False,False,True,False,False
inverse_transform,classification,Power,small,1000,50,800,categorical,8.072789,9.317879,0.6770141530565581,,cpu,,torch.float32,3,pass,False,False,False,True,False,False
fit,classification,SigmaClip,small,1000,50,800,categorical,0.812193,0.977446,0.07986858204297581,,cpu,,torch.float32,3,pass,False,False,False,True,False,False
fit_transform,classification,SigmaClip,small,1000,50,800,categorical,1.321131,1.335102,0.00902811043352924,,cpu,,torch.float32,3,pass,False,False,False,True,False,False
transform,classification,SigmaClip,small,1000,50,800,categorical,0.207683,0.212073,0.004983802653485484,,cpu,,torch.float32,3,pass,False,False,False,True,False,False
fit,classification,FeaturePermute,small,1000,50,800,categorical,0.063981,0.064341,0.0015583382174611496,,cpu,,torch.float32,3,pass,False,False,False,True,False,False
fit_transform,classification,FeaturePermute,small,1000,50,800,categorical,0.197353,0.210853,0.020692583749310343,,cpu,,torch.float32,3,pass,False,False,False,True,False,False
transform,classification,FeaturePermute,small,1000,50,800,categorical,0.101062,0.134342,0.015735694738043465,,cpu,,torch.float32,3,pass,False,False,False,True,False,False
inverse_transform,classification,FeaturePermute,small,1000,50,800,categorical,0.114672,0.140712,0.012636114909259099,,cpu,,torch.float32,3,pass,False,False,False,True,False,False
transform,classification,SoftmaxTemperature,small,1000,50,800,categorical,0.101112,0.130972,0.0156650467247592,,cpu,,torch.float32,3,pass,False,False,False,True,False,False
fit,classification,CategoricalAlign,small,1000,50,800,categorical,0.951495,0.967805,0.010732226651021156,,cpu,,torch.float32,3,pass,False,False,False,True,False,False
fit_transform,classification,CategoricalAlign,small,1000,50,800,categorical,2.364118,3.284052,0.4412683889705523,,cpu,,torch.float32,3,pass,False,False,False,True,False,False
transform,classification,CategoricalAlign,small,1000,50,800,categorical,1.922501,1.941491,0.02532577123976463,,cpu,,torch.float32,3,pass,False,False,False,True,False,False
fit,classification,ClassShuffle,small,1000,50,800,categorical,0.070021,0.077021,0.003674537007872181,,cpu,,torch.float32,3,pass,False,False,False,True,False,False
fit_transform,classification,ClassShuffle,small,1000,50,800,categorical,0.439227,0.478567,0.020312180800910806,,cpu,,torch.float32,3,pass,False,False,False,True,False,False
transform,classification,ClassShuffle,small,1000,50,800,categorical,0.316435,0.345396,0.015551498470136767,,cpu,,torch.float32,3,pass,False,False,False,True,False,False
feature_fit,classification,TabICLv2 Recipe,small,1000,50,800,missing,2.829545,2.863596,0.2892276892426911,,cpu,,torch.float32,3,pass,False,False,False,False,True,False
feature_transform,classification,TabICLv2 Recipe,small,1000,50,800,missing,1.044117,1.092987,0.03103363157751421,,cpu,,torch.float32,3,pass,False,False,False,False,True,False
feature_fit_transform,classification,TabICLv2 Recipe,small,1000,50,800,missing,2.243986,2.595552,0.16658481320403198,,cpu,,torch.float32,3,pass,False,False,False,False,True,False
target_fit,classification,TabICLv2 Recipe,small,1000,50,800,missing,2.387278,2.50781,0.06469763814510983,,cpu,,torch.float32,3,pass,False,False,False,False,True,False
target_transform,classification,TabICLv2 Recipe,small,1000,50,800,missing,1.178969,1.200769,0.12001251365864589,,cpu,,torch.float32,3,pass,False,False,False,False,True,False
target_fit_transform,classification,TabICLv2 Recipe,small,1000,50,800,missing,2.959718,2.982598,0.1865505037183109,,cpu,,torch.float32,3,pass,False,False,False,False,True,False
model_output_inverse_mapping,classification,TabICLv2 Recipe,small,1000,50,800,missing,0.103651,0.117022,0.01095781720964536,,cpu,,torch.float32,3,pass,False,False,False,False,True,False
output_transform,classification,TabICLv2 Recipe,small,1000,50,800,missing,0.082751,0.092371,0.007854697108524721,,cpu,,torch.float32,3,pass,False,False,False,False,True,False
total_recipe_overhead,classification,TabICLv2 Recipe,small,1000,50,800,missing,10.817343,10.819953,0.4767519101764447,,cpu,,torch.float32,3,pass,False,False,False,False,True,False
feature_fit,classification,TabICLv2 Recipe,small,1000,50,800,unknown_category,7.241626,8.400574,0.8947774685023957,,cpu,,torch.float32,3,pass,False,False,False,False,False,True
feature_transform,classification,TabICLv2 Recipe,small,1000,50,800,unknown_category,3.177031,3.246092,0.41199921648064664,,cpu,,torch.float32,3,pass,False,False,False,False,False,True
feature_fit_transform,classification,TabICLv2 Recipe,small,1000,50,800,unknown_category,7.149484,8.216931,0.7775631458143235,,cpu,,torch.float32,3,pass,False,False,False,False,False,True
target_fit,classification,TabICLv2 Recipe,small,1000,50,800,unknown_category,2.907676,3.053299,0.0746755512258791,,cpu,,torch.float32,3,pass,False,False,False,False,False,True
target_transform,classification,TabICLv2 Recipe,small,1000,50,800,unknown_category,1.21905,1.23167,0.1480282097176826,,cpu,,torch.float32,3,pass,False,False,False,False,False,True
target_fit_transform,classification,TabICLv2 Recipe,small,1000,50,800,unknown_category,2.898386,3.056039,0.07530087394948058,,cpu,,torch.float32,3,pass,False,False,False,False,False,True
model_output_inverse_mapping,classification,TabICLv2 Recipe,small,1000,50,800,unknown_category,0.088981,0.111241,0.010495822449379036,,cpu,,torch.float32,3,pass,False,False,False,False,False,True
output_transform,classification,TabICLv2 Recipe,small,1000,50,800,unknown_category,0.091081,0.102842,0.007175084219405063,,cpu,,torch.float32,3,pass,False,False,False,False,False,True
total_recipe_overhead,classification,TabICLv2 Recipe,small,1000,50,800,unknown_category,18.557776,19.735075,0.9675826706979037,,cpu,,torch.float32,3,pass,False,False,False,False,False,True
feature_fit,classification,TabICLv2 Recipe,small,1000,50,800,constant+hard_outlier+categorical+missing+unknown_category,8.965694,9.210867,0.24454789985376896,,cpu,,torch.float32,3,pass,True,True,False,True,True,True
feature_transform,classification,TabICLv2 Recipe,small,1000,50,800,constant+hard_outlier+categorical+missing+unknown_category,3.412614,3.498896,0.25892571504712825,,cpu,,torch.float32,3,pass,True,True,False,True,True,True
feature_fit_transform,classification,TabICLv2 Recipe,small,1000,50,800,constant+hard_outlier+categorical+missing+unknown_category,8.955903,16.992571,4.099200094116928,,cpu,,torch.float32,3,pass,True,True,False,True,True,True
target_fit,classification,TabICLv2 Recipe,small,1000,50,800,constant+hard_outlier+categorical+missing+unknown_category,3.338613,3.350484,0.13912496223898846,,cpu,,torch.float32,3,pass,True,True,False,True,True,True
target_transform,classification,TabICLv2 Recipe,small,1000,50,800,constant+hard_outlier+categorical+missing+unknown_category,1.382263,1.628505,0.17058578027751584,,cpu,,torch.float32,3,pass,True,True,False,True,True,True
target_fit_transform,classification,TabICLv2 Recipe,small,1000,50,800,constant+hard_outlier+categorical+missing+unknown_category,4.114615,4.738616,0.5093999723271381,,cpu,,torch.float32,3,pass,True,True,False,True,True,True
model_output_inverse_mapping,classification,TabICLv2 Recipe,small,1000,50,800,constant+hard_outlier+categorical+missing+unknown_category,0.116272,0.129931,0.016118207034282687,,cpu,,torch.float32,3,pass,True,True,False,True,True,True
output_transform,classification,TabICLv2 Recipe,small,1000,50,800,constant+hard_outlier+categorical+missing+unknown_category,0.095462,0.622581,0.2490280298685717,,cpu,,torch.float32,3,pass,True,True,False,True,True,True
total_recipe_overhead,classification,TabICLv2 Recipe,small,1000,50,800,constant+hard_outlier+categorical+missing+unknown_category,17.637191,17.716413,0.11272581429586791,,cpu,,torch.float32,3,pass,True,True,False,True,True,True
feature_fit,classification,TabICLv2 Recipe,small,1000,50,800,constant+hard_outlier+sigma_outlier+categorical+missing+unknown_category,7.997688,9.125716,0.6531633789402672,,cpu,,torch.float32,3,pass,True,True,True,True,True,True
feature_transform,classification,TabICLv2 Recipe,small,1000,50,800,constant+hard_outlier+sigma_outlier+categorical+missing+unknown_category,3.490746,3.882062,0.32243196509479155,,cpu,,torch.float32,3,pass,True,True,True,True,True,True
feature_fit_transform,classification,TabICLv2 Recipe,small,1000,50,800,constant+hard_outlier+sigma_outlier+categorical+missing+unknown_category,8.707289,8.861761,0.6667299821828588,,cpu,,torch.float32,3,pass,True,True,True,True,True,True
target_fit,classification,TabICLv2 Recipe,small,1000,50,800,constant+hard_outlier+sigma_outlier+categorical+missing+unknown_category,2.50291,2.657902,0.08864204672852617,,cpu,,torch.float32,3,pass,True,True,True,True,True,True
target_transform,classification,TabICLv2 Recipe,small,1000,50,800,constant+hard_outlier+sigma_outlier+categorical+missing+unknown_category,0.946205,0.988166,0.028742824035845126,,cpu,,torch.float32,3,pass,True,True,True,True,True,True
target_fit_transform,classification,TabICLv2 Recipe,small,1000,50,800,constant+hard_outlier+sigma_outlier+categorical+missing+unknown_category,2.51804,2.561431,0.04416271890029713,,cpu,,torch.float32,3,pass,True,True,True,True,True,True
model_output_inverse_mapping,classification,TabICLv2 Recipe,small,1000,50,800,constant+hard_outlier+sigma_outlier+categorical+missing+unknown_category,0.095832,0.096742,0.0015512790421670338,,cpu,,torch.float32,3,pass,True,True,True,True,True,True
output_transform,classification,TabICLv2 Recipe,small,1000,50,800,constant+hard_outlier+sigma_outlier+categorical+missing+unknown_category,0.073451,0.075541,0.001763941294059662,,cpu,,torch.float32,3,pass,True,True,True,True,True,True
total_recipe_overhead,classification,TabICLv2 Recipe,small,1000,50,800,constant+hard_outlier+sigma_outlier+categorical+missing+unknown_category,20.521187,22.916646,2.721610409836345,,cpu,,torch.float32,3,pass,True,True,True,True,True,True
total_recipe_overhead,classification,TabICLv2 Recipe,small,1000,50,800,missing+unknown_category,22.274346,22.734973,0.6160563898661295,,cpu,,torch.float32,3,pass,False,False,False,False,True,True
total_recipe_overhead,classification,TabICLv2 Recipe,small,1000,50,800,categorical+unknown_category,21.524034,39.44838,9.089602041784229,,cpu,,torch.float32,3,pass,False,False,False,True,False,True
total_recipe_overhead,classification,TabICLv2 Recipe,small,1000,50,800,categorical+missing,16.066206,20.787462,2.504937796805342,,cpu,,torch.float32,3,pass,False,False,False,True,True,False
total_recipe_overhead,classification,TabICLv2 Recipe,small,1000,50,800,categorical+missing+unknown_category,23.079899,28.321702,5.03838992781175,,cpu,,torch.float32,3,pass,False,False,False,True,True,True
total_recipe_overhead,classification,TabICLv2 Recipe,small,1000,50,800,sigma_outlier+unknown_category,14.976829,14.98332,0.02399770558940077,,cpu,,torch.float32,3,pass,False,False,True,False,False,True
total_recipe_overhead,classification,TabICLv2 Recipe,small,1000,50,800,sigma_outlier+missing,8.361474,8.554387,0.11144837487773822,,cpu,,torch.float32,3,pass,False,False,True,False,True,False
total_recipe_overhead,classification,TabICLv2 Recipe,small,1000,50,800,sigma_outlier+missing+unknown_category,15.464237,15.499898,0.4022883715122774,,cpu,,torch.float32,3,pass,False,False,True,False,True,True
total_recipe_overhead,classification,TabICLv2 Recipe,small,1000,50,800,sigma_outlier+categorical,17.121883,17.311296,1.242606032767783,,cpu,,torch.float32,3,pass,False,False,True,True,False,False
total_recipe_overhead,classification,TabICLv2 Recipe,small,1000,50,800,sigma_outlier+categorical+unknown_category,16.945071,18.563586,1.3845195233083574,,cpu,,torch.float32,3,pass,False,False,True,True,False,True
total_recipe_overhead,classification,TabICLv2 Recipe,small,1000,50,800,sigma_outlier+categorical+missing,19.763766,21.423412,1.3077900013662576,,cpu,,torch.float32,3,pass,False,False,True,True,True,False
total_recipe_overhead,classification,TabICLv2 Recipe,small,1000,50,800,sigma_outlier+categorical+missing+unknown_category,16.679177,30.027069,6.627763869943065,,cpu,,torch.float32,3,pass,False,False,True,True,True,True
total_recipe_overhead,classification,TabICLv2 Recipe,small,1000,50,800,hard_outlier+unknown_category,15.309164,20.987086,2.695450268938672,,cpu,,torch.float32,3,pass,False,True,False,False,False,True
total_recipe_overhead,classification,TabICLv2 Recipe,small,1000,50,800,hard_outlier+missing,11.536594,13.347084,0.8589432454799072,,cpu,,torch.float32,3,pass,False,True,False,False,True,False
total_recipe_overhead,classification,TabICLv2 Recipe,small,1000,50,800,hard_outlier+missing+unknown_category,20.347844,22.369997,1.2562122139867755,,cpu,,torch.float32,3,pass,False,True,False,False,True,True
total_recipe_overhead,classification,TabICLv2 Recipe,small,1000,50,800,hard_outlier+categorical,28.478045,48.454944,12.228973829070068,,cpu,,torch.float32,3,pass,False,True,False,True,False,False
total_recipe_overhead,classification,TabICLv2 Recipe,small,1000,50,800,hard_outlier+categorical+unknown_category,14.584733,14.969959,0.2020422064833648,,cpu,,torch.float32,3,pass,False,True,False,True,False,True
total_recipe_overhead,classification,TabICLv2 Recipe,small,1000,50,800,hard_outlier+categorical+missing,15.194793,15.853824,0.3445197081532487,,cpu,,torch.float32,3,pass,False,True,False,True,True,False
total_recipe_overhead,classification,TabICLv2 Recipe,small,1000,50,800,hard_outlier+categorical+missing+unknown_category,15.100601,15.196462,0.08548472320050308,,cpu,,torch.float32,3,pass,False,True,False,True,True,True
total_recipe_overhead,classification,TabICLv2 Recipe,small,1000,50,800,hard_outlier+sigma_outlier,9.107646,9.136996,0.01395023615889302,,cpu,,torch.float32,3,pass,False,True,True,False,False,False
total_recipe_overhead,classification,TabICLv2 Recipe,small,1000,50,800,hard_outlier+sigma_outlier+unknown_category,15.057331,15.282634,0.11069855992539179,,cpu,,torch.float32,3,pass,False,True,True,False,False,True
total_recipe_overhead,classification,TabICLv2 Recipe,small,1000,50,800,hard_outlier+sigma_outlier+missing,9.077895,9.105216,0.016885105553580543,,cpu,,torch.float32,3,pass,False,True,True,False,True,False
total_recipe_overhead,classification,TabICLv2 Recipe,small,1000,50,800,hard_outlier+sigma_outlier+missing+unknown_category,15.337965,15.814282,0.5772596882665164,,cpu,,torch.float32,3,pass,False,True,True,False,True,True
total_recipe_overhead,classification,TabICLv2 Recipe,small,1000,50,800,hard_outlier+sigma_outlier+categorical,15.208853,15.279324,0.044856374280090996,,cpu,,torch.float32,3,pass,False,True,True,True,False,False
total_recipe_overhead,classification,TabICLv2 Recipe,small,1000,50,800,hard_outlier+sigma_outlier+categorical+unknown_category,14.876737,15.135372,0.1631030674886963,,cpu,,torch.float32,3,pass,False,True,True,True,False,True
total_recipe_overhead,classification,TabICLv2 Recipe,small,1000,50,800,hard_outlier+sigma_outlier+categorical+missing,15.357965,15.453296,0.28286215628464667,,cpu,,torch.float32,3,pass,False,True,True,True,True,False
total_recipe_overhead,classification,TabICLv2 Recipe,small,1000,50,800,hard_outlier+sigma_outlier+categorical+missing+unknown_category,15.222333,16.045967,0.5904788744656515,,cpu,,torch.float32,3,pass,False,True,True,True,True,True
total_recipe_overhead,classification,TabICLv2 Recipe,small,1000,50,800,constant+unknown_category,17.185255,17.429618,0.8526628733664648,,cpu,,torch.float32,3,pass,True,False,False,False,False,True
total_recipe_overhead,classification,TabICLv2 Recipe,small,1000,50,800,constant+missing,11.26211,13.808591,1.6055315908427337,,cpu,,torch.float32,3,pass,True,False,False,False,True,False
total_recipe_overhead,classification,TabICLv2 Recipe,small,1000,50,800,constant+missing+unknown_category,19.658454,22.132393,1.8157834472701366,,cpu,,torch.float32,3,pass,True,False,False,False,True,True
total_recipe_overhead,classification,TabICLv2 Recipe,small,1000,50,800,constant+categorical,15.973495,16.633506,0.39061612203486407,,cpu,,torch.float32,3,pass,True,False,False,True,False,False
total_recipe_overhead,classification,TabICLv2 Recipe,small,1000,50,800,constant+categorical+unknown_category,15.607279,18.028648,1.4116208200285236,,cpu,,torch.float32,3,pass,True,False,False,True,False,True
total_recipe_overhead,classification,TabICLv2 Recipe,small,1000,50,800,constant+categorical+missing,19.316919,19.39062,0.844939004938752,,cpu,,torch.float32,3,pass,True,False,False,True,True,False
total_recipe_overhead,classification,TabICLv2 Recipe,small,1000,50,800,constant+categorical+missing+unknown_category,17.283586,18.239641,1.7306762978786325,,cpu,,torch.float32,3,pass,True,False,False,True,True,True
total_recipe_overhead,classification,TabICLv2 Recipe,small,1000,50,800,constant+sigma_outlier,11.505494,11.573065,1.2635749968247503,,cpu,,torch.float32,3,pass,True,False,True,False,False,False
total_recipe_overhead,classification,TabICLv2 Recipe,small,1000,50,800,constant+sigma_outlier+unknown_category,14.623683,15.735642,0.5509817572420665,,cpu,,torch.float32,3,pass,True,False,True,False,False,True
total_recipe_overhead,classification,TabICLv2 Recipe,small,1000,50,800,constant+sigma_outlier+missing,9.585983,9.794907,0.29039484646177127,,cpu,,torch.float32,3,pass,True,False,True,False,True,False
total_recipe_overhead,classification,TabICLv2 Recipe,small,1000,50,800,constant+sigma_outlier+missing+unknown_category,15.324545,15.452896,0.24459235681571695,,cpu,,torch.float32,3,pass,True,False,True,False,True,True
total_recipe_overhead,classification,TabICLv2 Recipe,small,1000,50,800,constant+sigma_outlier+categorical,17.432098,18.12355,1.6057692595861968,,cpu,,torch.float32,3,pass,True,False,True,True,False,False
total_recipe_overhead,classification,TabICLv2 Recipe,small,1000,50,800,constant+sigma_outlier+categorical+unknown_category,15.836652,16.786168,0.495142566605709,,cpu,,torch.float32,3,pass,True,False,True,True,False,True
total_recipe_overhead,classification,TabICLv2 Recipe,small,1000,50,800,constant+sigma_outlier+categorical+missing,20.476707,23.16112,1.4833804353073647,,cpu,,torch.float32,3,pass,True,False,True,True,True,False
total_recipe_overhead,classification,TabICLv2 Recipe,small,1000,50,800,constant+sigma_outlier+categorical+missing+unknown_category,18.919912,19.43596,1.2716000970423929,,cpu,,torch.float32,3,pass,True,False,True,True,True,True
total_recipe_overhead,classification,TabICLv2 Recipe,small,1000,50,800,constant+hard_outlier,13.995214,14.951549,0.8151052284281393,,cpu,,torch.float32,3,pass,True,True,False,False,False,False
total_recipe_overhead,classification,TabICLv2 Recipe,small,1000,50,800,constant+hard_outlier+unknown_category,21.500693,22.284166,0.528555433209128,,cpu,,torch.float32,3,pass,True,True,False,False,False,True
total_recipe_overhead,classification,TabICLv2 Recipe,small,1000,50,800,constant+hard_outlier+missing,11.095687,12.037163,0.9206340616789903,,cpu,,torch.float32,3,pass,True,True,False,False,True,False
total_recipe_overhead,classification,TabICLv2 Recipe,small,1000,50,800,constant+hard_outlier+missing+unknown_category,17.476789,18.943432,1.8341173137336546,,cpu,,torch.float32,3,pass,True,True,False,False,True,True
total_recipe_overhead,classification,TabICLv2 Recipe,small,1000,50,800,constant+hard_outlier+categorical,15.428576,15.70114,0.25335141521259047,,cpu,,torch.float32,3,pass,True,True,False,True,False,False
total_recipe_overhead,classification,TabICLv2 Recipe,small,1000,50,800,constant+hard_outlier+categorical+unknown_category,17.51691,19.287028,0.947021115951252,,cpu,,torch.float32,3,pass,True,True,False,True,False,True
total_recipe_overhead,classification,TabICLv2 Recipe,small,1000,50,800,constant+hard_outlier+categorical+missing,52.131682,71.541442,20.01559972012391,,cpu,,torch.float32,3,pass,True,True,False,True,True,False
total_recipe_overhead,classification,TabICLv2 Recipe,small,1000,50,800,constant+hard_outlier+sigma_outlier,13.641528,13.647618,0.22433303302803032,,cpu,,torch.float32,3,pass,True,True,True,False,False,False
total_recipe_overhead,classification,TabICLv2 Recipe,small,1000,50,800,constant+hard_outlier+sigma_outlier+unknown_category,29.990799,38.038227,8.96517054112478,,cpu,,torch.float32,3,pass,True,True,True,False,False,True
total_recipe_overhead,classification,TabICLv2 Recipe,small,1000,50,800,constant+hard_outlier+sigma_outlier+missing,9.616353,9.806047,0.09564656252869447,,cpu,,torch.float32,3,pass,True,True,True,False,True,False
total_recipe_overhead,classification,TabICLv2 Recipe,small,1000,50,800,constant+hard_outlier+sigma_outlier+missing+unknown_category,16.374491,18.279762,1.2873422934420624,,cpu,,torch.float32,3,pass,True,True,True,False,True,True
total_recipe_overhead,classification,TabICLv2 Recipe,small,1000,50,800,constant+hard_outlier+sigma_outlier+categorical,15.134701,15.770342,0.48461109496470334,,cpu,,torch.float32,3,pass,True,True,True,True,False,False
total_recipe_overhead,classification,TabICLv2 Recipe,small,1000,50,800,constant+hard_outlier+sigma_outlier+categorical+unknown_category,15.540288,16.403922,0.42130532619230016,,cpu,,torch.float32,3,pass,True,True,True,True,False,True
total_recipe_overhead,classification,TabICLv2 Recipe,small,1000,50,800,constant+hard_outlier+sigma_outlier+categorical+missing,17.042582,19.690804,1.43917307997081,,cpu,,torch.float32,3,pass,True,True,True,True,True,False
feature_fit,regression,TabICLv2 Recipe,small,1000,50,800,baseline,3.386904,3.393554,0.12309904741575639,,cpu,,torch.float32,3,pass,False,False,False,False,False,False
feature_transform,regression,TabICLv2 Recipe,small,1000,50,800,baseline,1.315321,1.597125,0.14739659665979019,,cpu,,torch.float32,3,pass,False,False,False,False,False,False
feature_fit_transform,regression,TabICLv2 Recipe,small,1000,50,800,baseline,3.590338,3.623968,0.05239231649350459,,cpu,,torch.float32,3,pass,False,False,False,False,False,False
target_fit,regression,TabICLv2 Recipe,small,1000,50,800,baseline,0.780042,0.812502,0.029092352183272403,,cpu,,torch.float32,3,pass,False,False,False,False,False,False
target_transform,regression,TabICLv2 Recipe,small,1000,50,800,baseline,0.368246,0.368536,0.01821356985571166,,cpu,,torch.float32,3,pass,False,False,False,False,False,False
target_fit_transform,regression,TabICLv2 Recipe,small,1000,50,800,baseline,0.782082,0.868004,0.055424794940732276,,cpu,,torch.float32,3,pass,False,False,False,False,False,False
target_inverse_transform,regression,TabICLv2 Recipe,small,1000,50,800,baseline,2.355048,2.587152,0.126176808617467,,cpu,,torch.float32,3,pass,False,False,False,False,False,False
model_output_inverse_mapping,regression,TabICLv2 Recipe,small,1000,50,800,baseline,3.615988,3.771101,0.13313091306179284,,cpu,,torch.float32,3,pass,False,False,False,False,False,False
output_transform,regression,TabICLv2 Recipe,small,1000,50,800,baseline,0.01586,0.01602,0.0016417876435966573,,cpu,,torch.float32,3,pass,False,False,False,False,False,False
total_recipe_overhead,regression,TabICLv2 Recipe,small,1000,50,800,baseline,13.80693,39.770986,12.47734452704279,,cpu,,torch.float32,3,pass,False,False,False,False,False,False
fit,regression,StandardScale,small,1000,50,800,baseline,0.248844,0.251224,0.00334957045338984,,cpu,,torch.float32,3,pass,False,False,False,False,False,False
fit_transform,regression,StandardScale,small,1000,50,800,baseline,0.404336,0.474018,0.04475792280951187,,cpu,,torch.float32,3,pass,False,False,False,False,False,False
transform,regression,StandardScale,small,1000,50,800,baseline,0.121152,0.146023,0.012390805471083068,,cpu,,torch.float32,3,pass,False,False,False,False,False,False
inverse_transform,regression,StandardScale,small,1000,50,800,baseline,0.118232,0.118482,0.0008335866281717046,,cpu,,torch.float32,3,pass,False,False,False,False,False,False
transform,regression,HardClip,small,1000,50,800,baseline,0.097221,0.100002,0.0016063056994233681,,cpu,,torch.float32,3,pass,False,False,False,False,False,False
fit,regression,Power,small,1000,50,800,baseline,457.710127,532.928378,38.89752771464376,,cpu,,torch.float32,3,pass,False,False,False,False,False,False
fit_transform,regression,Power,small,1000,50,800,baseline,540.377577,603.557776,29.793498895924678,,cpu,,torch.float32,3,pass,False,False,False,False,False,False
transform,regression,Power,small,1000,50,800,baseline,9.836807,13.367203,1.7473946310589243,,cpu,,torch.float32,3,pass,False,False,False,False,False,False
inverse_transform,regression,Power,small,1000,50,800,baseline,14.291848,15.772642,1.9348382019151427,,cpu,,torch.float32,3,pass,False,False,False,False,False,False
fit,regression,SigmaClip,small,1000,50,800,baseline,0.971396,1.156808,0.08934462525275685,,cpu,,torch.float32,3,pass,False,False,False,False,False,False
fit_transform,regression,SigmaClip,small,1000,50,800,baseline,1.164309,1.23882,0.048402421112538924,,cpu,,torch.float32,3,pass,False,False,False,False,False,False
transform,regression,SigmaClip,small,1000,50,800,baseline,0.174693,0.185883,0.005592973766750163,,cpu,,torch.float32,3,pass,False,False,False,False,False,False
fit,regression,FeaturePermute,small,1000,50,800,baseline,0.0464,0.055001,0.004387196548543906,,cpu,,torch.float32,3,pass,False,False,False,False,False,False
fit_transform,regression,FeaturePermute,small,1000,50,800,baseline,0.158323,0.159112,0.0031070339911597753,,cpu,,torch.float32,3,pass,False,False,False,False,False,False
transform,regression,FeaturePermute,small,1000,50,800,baseline,0.108332,0.115682,0.005530479183578936,,cpu,,torch.float32,3,pass,False,False,False,False,False,False
inverse_transform,regression,FeaturePermute,small,1000,50,800,baseline,0.126802,0.129543,0.005933272864860411,,cpu,,torch.float32,3,pass,False,False,False,False,False,False
transform,regression,SoftmaxTemperature,small,1000,50,800,baseline,0.102562,0.105732,0.0015972803970082004,,cpu,,torch.float32,3,pass,False,False,False,False,False,False
feature_fit,regression,TabICLv2 Recipe,small,1000,50,800,constant,2.790595,3.033438,0.1693011888696197,,cpu,,torch.float32,3,pass,True,False,False,False,False,False
feature_transform,regression,TabICLv2 Recipe,small,1000,50,800,constant,0.973555,1.123349,0.08579360042955805,,cpu,,torch.float32,3,pass,True,False,False,False,False,False
feature_fit_transform,regression,TabICLv2 Recipe,small,1000,50,800,constant,2.56039,2.701293,0.08709368661772612,,cpu,,torch.float32,3,pass,True,False,False,False,False,False
target_fit,regression,TabICLv2 Recipe,small,1000,50,800,constant,0.492458,0.508478,0.014519950260092333,,cpu,,torch.float32,3,pass,True,False,False,False,False,False
target_transform,regression,TabICLv2 Recipe,small,1000,50,800,constant,0.224624,0.262574,0.03219003507298492,,cpu,,torch.float32,3,pass,True,False,False,False,False,False
target_fit_transform,regression,TabICLv2 Recipe,small,1000,50,800,constant,0.484988,0.539308,0.032614004149546974,,cpu,,torch.float32,3,pass,True,False,False,False,False,False
target_inverse_transform,regression,TabICLv2 Recipe,small,1000,50,800,constant,1.453104,1.653127,0.12369245062474735,,cpu,,torch.float32,3,pass,True,False,False,False,False,False
model_output_inverse_mapping,regression,TabICLv2 Recipe,small,1000,50,800,constant,2.135554,2.179795,0.03841900644501655,,cpu,,torch.float32,3,pass,True,False,False,False,False,False
output_transform,regression,TabICLv2 Recipe,small,1000,50,800,constant,0.012291,0.0135,0.0008486618224527887,,cpu,,torch.float32,3,pass,True,False,False,False,False,False
total_recipe_overhead,regression,TabICLv2 Recipe,small,1000,50,800,constant,9.435121,9.804626,0.2678970947439006,,cpu,,torch.float32,3,pass,True,False,False,False,False,False
feature_fit,regression,TabICLv2 Recipe,small,1000,50,800,hard_outlier,2.277516,2.413728,0.06903357618499044,,cpu,,torch.float32,3,pass,False,True,False,False,False,False
feature_transform,regression,TabICLv2 Recipe,small,1000,50,800,hard_outlier,0.746582,0.756033,0.03149441923403079,,cpu,,torch.float32,3,pass,False,True,False,False,False,False
feature_fit_transform,regression,TabICLv2 Recipe,small,1000,50,800,hard_outlier,2.465539,2.50776,0.07890143666766941,,cpu,,torch.float32,3,pass,False,True,False,False,False,False
target_fit,regression,TabICLv2 Recipe,small,1000,50,800,hard_outlier,0.539839,0.57046,0.023871988480225082,,cpu,,torch.float32,3,pass,False,True,False,False,False,False
target_transform,regression,TabICLv2 Recipe,small,1000,50,800,hard_outlier,0.301445,0.359636,0.0692901153235839,,cpu,,torch.float32,3,pass,False,True,False,False,False,False
target_fit_transform,regression,TabICLv2 Recipe,small,1000,50,800,hard_outlier,0.489338,0.530768,0.020746185191499674,,cpu,,torch.float32,3,pass,False,True,False,False,False,False
target_inverse_transform,regression,TabICLv2 Recipe,small,1000,50,800,hard_outlier,1.389652,1.840069,0.22792825855567406,,cpu,,torch.float32,3,pass,False,True,False,False,False,False
model_output_inverse_mapping,regression,TabICLv2 Recipe,small,1000,50,800,hard_outlier,2.148684,2.431929,0.15007613100689926,,cpu,,torch.float32,3,pass,False,True,False,False,False,False
output_transform,regression,TabICLv2 Recipe,small,1000,50,800,hard_outlier,0.010901,0.01497,0.0019799596516652113,,cpu,,torch.float32,3,pass,False,True,False,False,False,False
total_recipe_overhead,regression,TabICLv2 Recipe,small,1000,50,800,hard_outlier,9.147436,9.454521,0.19265454796315795,,cpu,,torch.float32,3,pass,False,True,False,False,False,False
fit,regression,StandardScale,small,1000,50,800,hard_outlier,0.233753,0.260514,0.020298405689993387,,cpu,,torch.float32,3,pass,False,True,False,False,False,False
fit_transform,regression,StandardScale,small,1000,50,800,hard_outlier,0.319015,0.322965,0.012023847147324455,,cpu,,torch.float32,3,pass,False,True,False,False,False,False
transform,regression,StandardScale,small,1000,50,800,hard_outlier,0.108532,0.112362,0.005798576453655581,,cpu,,torch.float32,3,pass,False,True,False,False,False,False
inverse_transform,regression,StandardScale,small,1000,50,800,hard_outlier,0.111082,0.129632,0.014913915202476731,,cpu,,torch.float32,3,pass,False,True,False,False,False,False
transform,regression,HardClip,small,1000,50,800,hard_outlier,0.088262,0.096292,0.0048097546945995336,,cpu,,torch.float32,3,pass,False,True,False,False,False,False
fit,regression,Power,small,1000,50,800,hard_outlier,463.188005,522.767396,31.010957926503913,,cpu,,torch.float32,3,pass,False,True,False,False,False,False
fit_transform,regression,Power,small,1000,50,800,hard_outlier,544.402702,603.153759,58.0459511483195,,cpu,,torch.float32,3,pass,False,True,False,False,False,False
transform,regression,Power,small,1000,50,800,hard_outlier,7.310536,7.397228,0.056890208772883234,,cpu,,torch.float32,3,pass,False,True,False,False,False,False
inverse_transform,regression,Power,small,1000,50,800,hard_outlier,8.226422,9.611504,0.6870626019154946,,cpu,,torch.float32,3,pass,False,True,False,False,False,False
fit,regression,SigmaClip,small,1000,50,800,hard_outlier,1.063217,1.111528,0.03002914806576367,,cpu,,torch.float32,3,pass,False,True,False,False,False,False
fit_transform,regression,SigmaClip,small,1000,50,800,hard_outlier,1.150678,1.162909,0.016547156257865597,,cpu,,torch.float32,3,pass,False,True,False,False,False,False
transform,regression,SigmaClip,small,1000,50,800,hard_outlier,0.196124,0.207653,0.012648867415262478,,cpu,,torch.float32,3,pass,False,True,False,False,False,False
fit,regression,FeaturePermute,small,1000,50,800,hard_outlier,0.05111,0.064321,0.008200620721763826,,cpu,,torch.float32,3,pass,False,True,False,False,False,False
fit_transform,regression,FeaturePermute,small,1000,50,800,hard_outlier,0.177173,0.186363,0.00933595558401317,,cpu,,torch.float32,3,pass,False,True,False,False,False,False
transform,regression,FeaturePermute,small,1000,50,800,hard_outlier,0.109261,0.142183,0.017583426938139475,,cpu,,torch.float32,3,pass,False,True,False,False,False,False
inverse_transform,regression,FeaturePermute,small,1000,50,800,hard_outlier,0.122472,0.155902,0.01776506747024121,,cpu,,torch.float32,3,pass,False,True,False,False,False,False
transform,regression,SoftmaxTemperature,small,1000,50,800,hard_outlier,0.103041,0.107402,0.0026068840915289414,,cpu,,torch.float32,3,pass,False,True,False,False,False,False
feature_fit,regression,TabICLv2 Recipe,small,1000,50,800,sigma_outlier,2.529541,2.642862,0.08838312814986563,,cpu,,torch.float32,3,pass,False,False,True,False,False,False
feature_transform,regression,TabICLv2 Recipe,small,1000,50,800,sigma_outlier,0.698111,0.791733,0.04560871954644929,,cpu,,torch.float32,3,pass,False,False,True,False,False,False
feature_fit_transform,regression,TabICLv2 Recipe,small,1000,50,800,sigma_outlier,2.875386,2.888466,0.16302656369506854,,cpu,,torch.float32,3,pass,False,False,True,False,False,False
target_fit,regression,TabICLv2 Recipe,small,1000,50,800,sigma_outlier,0.475677,0.516608,0.020490156178570758,,cpu,,torch.float32,3,pass,False,False,True,False,False,False
target_transform,regression,TabICLv2 Recipe,small,1000,50,800,sigma_outlier,0.193203,0.198083,0.00646189514685042,,cpu,,torch.float32,3,pass,False,False,True,False,False,False
target_fit_transform,regression,TabICLv2 Recipe,small,1000,50,800,sigma_outlier,0.495888,0.513038,0.025604391550409205,,cpu,,torch.float32,3,pass,False,False,True,False,False,False
target_inverse_transform,regression,TabICLv2 Recipe,small,1000,50,800,sigma_outlier,1.409543,1.999722,0.28879918040088376,,cpu,,torch.float32,3,pass,False,False,True,False,False,False
model_output_inverse_mapping,regression,TabICLv2 Recipe,small,1000,50,800,sigma_outlier,2.097493,2.167504,0.04322801537840436,,cpu,,torch.float32,3,pass,False,False,True,False,False,False
output_transform,regression,TabICLv2 Recipe,small,1000,50,800,sigma_outlier,0.0118,0.01414,0.0012469251069018627,,cpu,,torch.float32,3,pass,False,False,True,False,False,False
total_recipe_overhead,regression,TabICLv2 Recipe,small,1000,50,800,sigma_outlier,11.762288,112.378734,47.80089886974421,,cpu,,torch.float32,3,pass,False,False,True,False,False,False
fit,regression,StandardScale,small,1000,50,800,sigma_outlier,0.361526,0.379797,0.014869246136461215,,cpu,,torch.float32,3,pass,False,False,True,False,False,False
fit_transform,regression,StandardScale,small,1000,50,800,sigma_outlier,0.422337,0.446178,0.013538065207242716,,cpu,,torch.float32,3,pass,False,False,True,False,False,False
transform,regression,StandardScale,small,1000,50,800,sigma_outlier,0.114542,0.138492,0.012616735799017993,,cpu,,torch.float32,3,pass,False,False,True,False,False,False
inverse_transform,regression,StandardScale,small,1000,50,800,sigma_outlier,0.081041,0.086421,0.0034051823250255855,,cpu,,torch.float32,3,pass,False,False,True,False,False,False
transform,regression,HardClip,small,1000,50,800,sigma_outlier,0.059121,0.060421,0.0007161470984837329,,cpu,,torch.float32,3,pass,False,False,True,False,False,False
fit,regression,Power,small,1000,50,800,sigma_outlier,545.188274,559.863419,47.27971058577953,,cpu,,torch.float32,3,pass,False,False,True,False,False,False
fit_transform,regression,Power,small,1000,50,800,sigma_outlier,521.948604,599.443231,60.8997153938399,,cpu,,torch.float32,3,pass,False,False,True,False,False,False
transform,regression,Power,small,1000,50,800,sigma_outlier,7.466129,7.579541,0.06343202115300725,,cpu,,torch.float32,3,pass,False,False,True,False,False,False
inverse_transform,regression,Power,small,1000,50,800,sigma_outlier,8.353344,9.963159,0.7765398215172223,,cpu,,torch.float32,3,pass,False,False,True,False,False,False
fit,regression,SigmaClip,small,1000,50,800,sigma_outlier,1.020056,1.043236,0.012688307828688402,,cpu,,torch.float32,3,pass,False,False,True,False,False,False
fit_transform,regression,SigmaClip,small,1000,50,800,sigma_outlier,1.234229,1.24885,0.01888637569489943,,cpu,,torch.float32,3,pass,False,False,True,False,False,False
transform,regression,SigmaClip,small,1000,50,800,sigma_outlier,0.218534,0.219694,0.002363007546891601,,cpu,,torch.float32,3,pass,False,False,True,False,False,False
fit,regression,FeaturePermute,small,1000,50,800,sigma_outlier,0.049161,0.083462,0.016442462852829152,,cpu,,torch.float32,3,pass,False,False,True,False,False,False
fit_transform,regression,FeaturePermute,small,1000,50,800,sigma_outlier,0.180893,0.183063,0.004595188304689539,,cpu,,torch.float32,3,pass,False,False,True,False,False,False
transform,regression,FeaturePermute,small,1000,50,800,sigma_outlier,0.121862,0.125502,0.008767694489811255,,cpu,,torch.float32,3,pass,False,False,True,False,False,False
inverse_transform,regression,FeaturePermute,small,1000,50,800,sigma_outlier,0.128412,0.164533,0.019117919987976382,,cpu,,torch.float32,3,pass,False,False,True,False,False,False
transform,regression,SoftmaxTemperature,small,1000,50,800,sigma_outlier,0.108661,0.121102,0.009003221534539732,,cpu,,torch.float32,3,pass,False,False,True,False,False,False
feature_fit,regression,TabICLv2 Recipe,small,1000,50,800,categorical,7.327217,7.420428,0.05175239408525527,,cpu,,torch.float32,3,pass,False,False,False,True,False,False
feature_transform,regression,TabICLv2 Recipe,small,1000,50,800,categorical,2.656242,2.663763,0.010387467138602818,,cpu,,torch.float32,3,pass,False,False,False,True,False,False
feature_fit_transform,regression,TabICLv2 Recipe,small,1000,50,800,categorical,7.200315,7.217495,0.016490535332594862,,cpu,,torch.float32,3,pass,False,False,False,True,False,False
target_fit,regression,TabICLv2 Recipe,small,1000,50,800,categorical,0.530359,0.612069,0.05555341127839644,,cpu,,torch.float32,3,pass,False,False,False,True,False,False
target_transform,regression,TabICLv2 Recipe,small,1000,50,800,categorical,0.314005,0.353206,0.02775751754430181,,cpu,,torch.float32,3,pass,False,False,False,True,False,False
target_fit_transform,regression,TabICLv2 Recipe,small,1000,50,800,categorical,0.516399,0.542929,0.039394080446460755,,cpu,,torch.float32,3,pass,False,False,False,True,False,False
target_inverse_transform,regression,TabICLv2 Recipe,small,1000,50,800,categorical,1.737038,1.84228,0.0525244776524875,,cpu,,torch.float32,3,pass,False,False,False,True,False,False
model_output_inverse_mapping,regression,TabICLv2 Recipe,small,1000,50,800,categorical,4.712535,13.490215,4.704570736052074,,cpu,,torch.float32,3,pass,False,False,False,True,False,False
output_transform,regression,TabICLv2 Recipe,small,1000,50,800,categorical,0.01107,0.012031,0.0005609497897910889,,cpu,,torch.float32,3,pass,False,False,False,True,False,False
total_recipe_overhead,regression,TabICLv2 Recipe,small,1000,50,800,categorical,16.454693,17.854855,0.700550360219894,,cpu,,torch.float32,3,pass,False,False,False,True,False,False
fit,regression,StandardScale,small,1000,50,800,categorical,0.201153,0.219803,0.009134353957572597,,cpu,,torch.float32,3,pass,False,False,False,True,False,False
fit_transform,regression,StandardScale,small,1000,50,800,categorical,0.316315,0.319695,0.011285249960309563,,cpu,,torch.float32,3,pass,False,False,False,True,False,False
transform,regression,StandardScale,small,1000,50,800,categorical,0.088151,0.092682,0.002260026597680263,,cpu,,torch.float32,3,pass,False,False,False,True,False,False
inverse_transform,regression,StandardScale,small,1000,50,800,categorical,0.088581,0.088791,0.0016262499466222539,,cpu,,torch.float32,3,pass,False,False,False,True,False,False
transform,regression,HardClip,small,1000,50,800,categorical,0.066281,0.070341,0.002181885015811379,,cpu,,torch.float32,3,pass,False,False,False,True,False,False
fit,regression,Power,small,1000,50,800,categorical,503.951666,527.181017,38.77912651848745,,cpu,,torch.float32,3,pass,False,False,False,True,False,False
fit_transform,regression,Power,small,1000,50,800,categorical,504.616756,557.964709,54.158056432148435,,cpu,,torch.float32,3,pass,False,False,False,True,False,False
transform,regression,Power,small,1000,50,800,categorical,6.88297,7.133744,0.12756488917496941,,cpu,,torch.float32,3,pass,False,False,False,True,False,False
inverse_transform,regression,Power,small,1000,50,800,categorical,7.46429,7.562871,0.04699646561888111,,cpu,,torch.float32,3,pass,False,False,False,True,False,False
fit,regression,SigmaClip,small,1000,50,800,categorical,1.002476,1.016396,0.00712299718439432,,cpu,,torch.float32,3,pass,False,False,False,True,False,False
fit_transform,regression,SigmaClip,small,1000,50,800,categorical,1.216979,1.221219,0.01419620684862298,,cpu,,torch.float32,3,pass,False,False,False,True,False,False
transform,regression,SigmaClip,small,1000,50,800,categorical,0.219224,0.253094,0.020454737565876725,,cpu,,torch.float32,3,pass,False,False,False,True,False,False
fit,regression,FeaturePermute,small,1000,50,800,categorical,0.050961,0.051741,0.001963931487829679,,cpu,,torch.float32,3,pass,False,False,False,True,False,False
fit_transform,regression,FeaturePermute,small,1000,50,800,categorical,0.168303,0.175513,0.004093607482676159,,cpu,,torch.float32,3,pass,False,False,False,True,False,False
transform,regression,FeaturePermute,small,1000,50,800,categorical,0.117201,0.141722,0.01270610510301598,,cpu,,torch.float32,3,pass,False,False,False,True,False,False
inverse_transform,regression,FeaturePermute,small,1000,50,800,categorical,0.135912,0.165703,0.017644214242131105,,cpu,,torch.float32,3,pass,False,False,False,True,False,False
transform,regression,SoftmaxTemperature,small,1000,50,800,categorical,0.101191,0.108932,0.0046033661838074755,,cpu,,torch.float32,3,pass,False,False,False,True,False,False
fit,regression,CategoricalAlign,small,1000,50,800,categorical,0.963195,1.032947,0.03433260631269092,,cpu,,torch.float32,3,pass,False,False,False,True,False,False
fit_transform,regression,CategoricalAlign,small,1000,50,800,categorical,2.365498,2.45185,0.04821234331809873,,cpu,,torch.float32,3,pass,False,False,False,True,False,False
transform,regression,CategoricalAlign,small,1000,50,800,categorical,1.418163,1.496073,0.03702285810444977,,cpu,,torch.float32,3,pass,False,False,False,True,False,False
feature_fit,regression,TabICLv2 Recipe,small,1000,50,800,missing,2.684293,2.711283,0.022025404579459836,,cpu,,torch.float32,3,pass,False,False,False,False,True,False
feature_transform,regression,TabICLv2 Recipe,small,1000,50,800,missing,0.905124,0.905194,0.0042917619018559535,,cpu,,torch.float32,3,pass,False,False,False,False,True,False
feature_fit_transform,regression,TabICLv2 Recipe,small,1000,50,800,missing,2.688133,2.698343,0.004905060878543924,,cpu,,torch.float32,3,pass,False,False,False,False,True,False
target_fit,regression,TabICLv2 Recipe,small,1000,50,800,missing,0.521688,0.533658,0.015076292647730057,,cpu,,torch.float32,3,pass,False,False,False,False,True,False
target_transform,regression,TabICLv2 Recipe,small,1000,50,800,missing,0.192573,0.227063,0.017635480020559563,,cpu,,torch.float32,3,pass,False,False,False,False,True,False
target_fit_transform,regression,TabICLv2 Recipe,small,1000,50,800,missing,0.475657,0.483038,0.015650936720280433,,cpu,,torch.float32,3,pass,False,False,False,False,True,False
target_inverse_transform,regression,TabICLv2 Recipe,small,1000,50,800,missing,1.691727,1.808259,0.059204428895893335,,cpu,,torch.float32,3,pass,False,False,False,False,True,False
model_output_inverse_mapping,regression,TabICLv2 Recipe,small,1000,50,800,missing,2.52739,2.551031,0.018883455374716064,,cpu,,torch.float32,3,pass,False,False,False,False,True,False
output_transform,regression,TabICLv2 Recipe,small,1000,50,800,missing,0.01187,0.01245,0.0005786382481501047,,cpu,,torch.float32,3,pass,False,False,False,False,True,False
total_recipe_overhead,regression,TabICLv2 Recipe,small,1000,50,800,missing,12.038643,12.243365,0.5152605990773562,,cpu,,torch.float32,3,pass,False,False,False,False,True,False
feature_fit,regression,TabICLv2 Recipe,small,1000,50,800,unknown_category,8.018408,8.186961,0.4817006144989508,,cpu,,torch.float32,3,pass,False,False,False,False,False,True
feature_transform,regression,TabICLv2 Recipe,small,1000,50,800,unknown_category,3.575857,3.972443,0.4024973038835858,,cpu,,torch.float32,3,pass,False,False,False,False,False,True
feature_fit_transform,regression,TabICLv2 Recipe,small,1000,50,800,unknown_category,10.359796,10.849633,0.5939752137546559,,cpu,,torch.float32,3,pass,False,False,False,False,False,True
target_fit,regression,TabICLv2 Recipe,small,1000,50,800,unknown_category,0.860913,1.160699,0.187377043875592,,cpu,,torch.float32,3,pass,False,False,False,False,False,True
target_transform,regression,TabICLv2 Recipe,small,1000,50,800,unknown_category,0.367215,0.370396,0.025899251739512998,,cpu,,torch.float32,3,pass,False,False,False,False,False,True
target_fit_transform,regression,TabICLv2 Recipe,small,1000,50,800,unknown_category,0.672931,0.717391,0.07392670121140262,,cpu,,torch.float32,3,pass,False,False,False,False,False,True
target_inverse_transform,regression,TabICLv2 Recipe,small,1000,50,800,unknown_category,1.86821,1.998042,0.06485385947052208,,cpu,,torch.float32,3,pass,False,False,False,False,False,True
model_output_inverse_mapping,regression,TabICLv2 Recipe,small,1000,50,800,unknown_category,6.668717,11.986352,3.512928324972044,,cpu,,torch.float32,3,pass,False,False,False,False,False,True
output_transform,regression,TabICLv2 Recipe,small,1000,50,800,unknown_category,0.01378,0.01681,0.0017004117148502588,,cpu,,torch.float32,3,pass,False,False,False,False,False,True
total_recipe_overhead,regression,TabICLv2 Recipe,small,1000,50,800,unknown_category,23.115169,25.06263,1.5179981090327113,,cpu,,torch.float32,3,pass,False,False,False,False,False,True
feature_fit,regression,TabICLv2 Recipe,small,1000,50,800,constant+hard_outlier+categorical+missing+unknown_category,9.787736,11.353631,1.1374186228201122,,cpu,,torch.float32,3,pass,True,True,False,True,True,True
feature_transform,regression,TabICLv2 Recipe,small,1000,50,800,constant+hard_outlier+categorical+missing+unknown_category,3.003358,4.726605,0.8433241424794305,,cpu,,torch.float32,3,pass,True,True,False,True,True,True
feature_fit_transform,regression,TabICLv2 Recipe,small,1000,50,800,constant+hard_outlier+categorical+missing+unknown_category,10.888614,13.76746,1.4653952729695678,,cpu,,torch.float32,3,pass,True,True,False,True,True,True
target_fit,regression,TabICLv2 Recipe,small,1000,50,800,constant+hard_outlier+categorical+missing+unknown_category,0.720722,0.723232,0.007633248776824252,,cpu,,torch.float32,3,pass,True,True,False,True,True,True
target_transform,regression,TabICLv2 Recipe,small,1000,50,800,constant+hard_outlier+categorical+missing+unknown_category,0.258454,0.375866,0.06110591919682485,,cpu,,torch.float32,3,pass,True,True,False,True,True,True
target_fit_transform,regression,TabICLv2 Recipe,small,1000,50,800,constant+hard_outlier+categorical+missing+unknown_category,0.506518,0.530109,0.020050501744899633,,cpu,,torch.float32,3,pass,True,True,False,True,True,True
target_inverse_transform,regression,TabICLv2 Recipe,small,1000,50,800,constant+hard_outlier+categorical+missing+unknown_category,1.552435,1.579445,0.06761273571516607,,cpu,,torch.float32,3,pass,True,True,False,True,True,True
model_output_inverse_mapping,regression,TabICLv2 Recipe,small,1000,50,800,constant+hard_outlier+categorical+missing+unknown_category,2.121353,2.175834,0.06698309811852214,,cpu,,torch.float32,3,pass,True,True,False,True,True,True
output_transform,regression,TabICLv2 Recipe,small,1000,50,800,constant+hard_outlier+categorical+missing+unknown_category,0.01158,0.01253,0.0010566298626608404,,cpu,,torch.float32,3,pass,True,True,False,True,True,True
total_recipe_overhead,regression,TabICLv2 Recipe,small,1000,50,800,constant+hard_outlier+categorical+missing+unknown_category,15.822633,15.838453,0.02269419456356339,,cpu,,torch.float32,3,pass,True,True,False,True,True,True
feature_fit,regression,TabICLv2 Recipe,small,1000,50,800,constant+hard_outlier+sigma_outlier+categorical+missing+unknown_category,8.651578,8.788411,0.47530741406401655,,cpu,,torch.float32,3,pass,True,True,True,True,True,True
feature_transform,regression,TabICLv2 Recipe,small,1000,50,800,constant+hard_outlier+sigma_outlier+categorical+missing+unknown_category,3.050138,3.387974,0.3598250600277862,,cpu,,torch.float32,3,pass,True,True,True,True,True,True
feature_fit_transform,regression,TabICLv2 Recipe,small,1000,50,800,constant+hard_outlier+sigma_outlier+categorical+missing+unknown_category,8.583347,8.624978,0.12999755700354146,,cpu,,torch.float32,3,pass,True,True,True,True,True,True
target_fit,regression,TabICLv2 Recipe,small,1000,50,800,constant+hard_outlier+sigma_outlier+categorical+missing+unknown_category,0.548828,0.65536,0.05772158522501691,,cpu,,torch.float32,3,pass,True,True,True,True,True,True
target_transform,regression,TabICLv2 Recipe,small,1000,50,800,constant+hard_outlier+sigma_outlier+categorical+missing+unknown_category,0.267544,0.273104,0.01104967370056189,,cpu,,torch.float32,3,pass,True,True,True,True,True,True
target_fit_transform,regression,TabICLv2 Recipe,small,1000,50,800,constant+hard_outlier+sigma_outlier+categorical+missing+unknown_category,0.488938,0.493058,0.018227316502680502,,cpu,,torch.float32,3,pass,True,True,True,True,True,True
target_inverse_transform,regression,TabICLv2 Recipe,small,1000,50,800,constant+hard_outlier+sigma_outlier+categorical+missing+unknown_category,2.182985,2.43235,0.1365439363892321,,cpu,,torch.float32,3,pass,True,True,True,True,True,True
model_output_inverse_mapping,regression,TabICLv2 Recipe,small,1000,50,800,constant+hard_outlier+sigma_outlier+categorical+missing+unknown_category,3.261692,3.340413,0.03945733606765096,,cpu,,torch.float32,3,pass,True,True,True,True,True,True
output_transform,regression,TabICLv2 Recipe,small,1000,50,800,constant+hard_outlier+sigma_outlier+categorical+missing+unknown_category,0.01371,0.01419,0.001497798384296097,,cpu,,torch.float32,3,pass,True,True,True,True,True,True
total_recipe_overhead,regression,TabICLv2 Recipe,small,1000,50,800,constant+hard_outlier+sigma_outlier+categorical+missing+unknown_category,15.544398,16.330361,0.5102009657465055,,cpu,,torch.float32,3,pass,True,True,True,True,True,True
total_recipe_overhead,regression,TabICLv2 Recipe,small,1000,50,800,missing+unknown_category,17.884076,18.308512,1.1509112741843603,,cpu,,torch.float32,3,pass,False,False,False,False,True,True
total_recipe_overhead,regression,TabICLv2 Recipe,small,1000,50,800,categorical+unknown_category,17.904116,18.7775,1.6895059989839891,,cpu,,torch.float32,3,pass,False,False,False,True,False,True
total_recipe_overhead,regression,TabICLv2 Recipe,small,1000,50,800,categorical+missing,18.417154,18.585457,1.7176306960182752,,cpu,,torch.float32,3,pass,False,False,False,True,True,False
total_recipe_overhead,regression,TabICLv2 Recipe,small,1000,50,800,categorical+missing+unknown_category,20.198943,21.589085,1.7236148456174563,,cpu,,torch.float32,3,pass,False,False,False,True,True,True
total_recipe_overhead,regression,TabICLv2 Recipe,small,1000,50,800,sigma_outlier+unknown_category,20.157172,20.863104,0.8044977177460891,,cpu,,torch.float32,3,pass,False,False,True,False,False,True
total_recipe_overhead,regression,TabICLv2 Recipe,small,1000,50,800,sigma_outlier+missing,15.346756,29.623923,6.882043286120241,,cpu,,torch.float32,3,pass,False,False,True,False,True,False
total_recipe_overhead,regression,TabICLv2 Recipe,small,1000,50,800,sigma_outlier+missing+unknown_category,17.888296,19.497792,0.8912724571043853,,cpu,,torch.float32,3,pass,False,False,True,False,True,True
total_recipe_overhead,regression,TabICLv2 Recipe,small,1000,50,800,sigma_outlier+categorical,18.684638,19.796385,2.401343878554812,,cpu,,torch.float32,3,pass,False,False,True,True,False,False
total_recipe_overhead,regression,TabICLv2 Recipe,small,1000,50,800,sigma_outlier+categorical+unknown_category,18.943282,19.633014,1.2142330535470616,,cpu,,torch.float32,3,pass,False,False,True,True,False,True
total_recipe_overhead,regression,TabICLv2 Recipe,small,1000,50,800,sigma_outlier+categorical+missing,14.946429,18.617017,1.7481760993601938,,cpu,,torch.float32,3,pass,False,False,True,True,True,False
total_recipe_overhead,regression,TabICLv2 Recipe,small,1000,50,800,sigma_outlier+categorical+missing+unknown_category,22.402068,23.879801,0.7488838710918779,,cpu,,torch.float32,3,pass,False,False,True,True,True,True
total_recipe_overhead,regression,TabICLv2 Recipe,small,1000,50,800,hard_outlier+unknown_category,19.735396,23.537106,2.1035535274065813,,cpu,,torch.float32,3,pass,False,True,False,False,False,True
total_recipe_overhead,regression,TabICLv2 Recipe,small,1000,50,800,hard_outlier+missing,16.426282,17.847285,1.359684871559828,,cpu,,torch.float32,3,pass,False,True,False,False,True,False
total_recipe_overhead,regression,TabICLv2 Recipe,small,1000,50,800,hard_outlier+missing+unknown_category,22.594821,25.851283,1.7862265952876435,,cpu,,torch.float32,3,pass,False,True,False,False,True,True
total_recipe_overhead,regression,TabICLv2 Recipe,small,1000,50,800,hard_outlier+categorical,17.56772,19.632854,1.0268292071947598,,cpu,,torch.float32,3,pass,False,True,False,True,False,False
total_recipe_overhead,regression,TabICLv2 Recipe,small,1000,50,800,hard_outlier+categorical+unknown_category,16.167918,16.338651,0.15362291181620236,,cpu,,torch.float32,3,pass,False,True,False,True,False,True
total_recipe_overhead,regression,TabICLv2 Recipe,small,1000,50,800,hard_outlier+categorical+missing,15.303425,15.802052,0.2606935130876869,,cpu,,torch.float32,3,pass,False,True,False,True,True,False
total_recipe_overhead,regression,TabICLv2 Recipe,small,1000,50,800,hard_outlier+categorical+missing+unknown_category,15.165942,18.442234,1.6406783382456982,,cpu,,torch.float32,3,pass,False,True,False,True,True,True
total_recipe_overhead,regression,TabICLv2 Recipe,small,1000,50,800,hard_outlier+sigma_outlier,9.719275,10.099171,0.2864781148596792,,cpu,,torch.float32,3,pass,False,True,True,False,False,False
total_recipe_overhead,regression,TabICLv2 Recipe,small,1000,50,800,hard_outlier+sigma_outlier+unknown_category,16.538584,18.001027,0.693506260811121,,cpu,,torch.float32,3,pass,False,True,True,False,False,True
total_recipe_overhead,regression,TabICLv2 Recipe,small,1000,50,800,hard_outlier+sigma_outlier+missing,10.236103,13.824561,1.7146811397408228,,cpu,,torch.float32,3,pass,False,True,True,False,True,False
total_recipe_overhead,regression,TabICLv2 Recipe,small,1000,50,800,hard_outlier+sigma_outlier+missing+unknown_category,27.178814,54.354928,14.24124170808455,,cpu,,torch.float32,3,pass,False,True,True,False,True,True
total_recipe_overhead,regression,TabICLv2 Recipe,small,1000,50,800,hard_outlier+sigma_outlier+categorical,22.54291,22.868055,3.0524239278230803,,cpu,,torch.float32,3,pass,False,True,True,True,False,False
total_recipe_overhead,regression,TabICLv2 Recipe,small,1000,50,800,hard_outlier+sigma_outlier+categorical+unknown_category,15.556188,15.761912,0.1503477526625084,,cpu,,torch.float32,3,pass,False,True,True,True,False,True
total_recipe_overhead,regression,TabICLv2 Recipe,small,1000,50,800,hard_outlier+sigma_outlier+categorical+missing,21.657156,21.882569,0.11333340459115387,,cpu,,torch.float32,3,pass,False,True,True,True,True,False
total_recipe_overhead,regression,TabICLv2 Recipe,small,1000,50,800,hard_outlier+sigma_outlier+categorical+missing+unknown_category,22.113773,44.755305,11.065368033574432,,cpu,,torch.float32,3,pass,False,True,True,True,True,True
total_recipe_overhead,regression,TabICLv2 Recipe,small,1000,50,800,constant+unknown_category,16.168638,17.124633,1.0022408061460188,,cpu,,torch.float32,3,pass,True,False,False,False,False,True
total_recipe_overhead,regression,TabICLv2 Recipe,small,1000,50,800,constant+missing,11.232879,11.983092,1.128612038938782,,cpu,,torch.float32,3,pass,True,False,False,False,True,False
total_recipe_overhead,regression,TabICLv2 Recipe,small,1000,50,800,constant+missing+unknown_category,15.492398,17.806895,1.2704677177906658,,cpu,,torch.float32,3,pass,True,False,False,False,True,True
total_recipe_overhead,regression,TabICLv2 Recipe,small,1000,50,800,constant+categorical,15.965615,16.423612,0.3087966359413042,,cpu,,torch.float32,3,pass,True,False,False,True,False,False
total_recipe_overhead,regression,TabICLv2 Recipe,small,1000,50,800,constant+categorical+unknown_category,16.648015,16.717407,0.05316928136517374,,cpu,,torch.float32,3,pass,True,False,False,True,False,True
total_recipe_overhead,regression,TabICLv2 Recipe,small,1000,50,800,constant+categorical+missing,15.838623,16.667786,0.5342441705701825,,cpu,,torch.float32,3,pass,True,False,False,True,True,False
total_recipe_overhead,regression,TabICLv2 Recipe,small,1000,50,800,constant+categorical+missing+unknown_category,15.458557,15.954595,0.2528973170122605,,cpu,,torch.float32,3,pass,True,False,False,True,True,True
total_recipe_overhead,regression,TabICLv2 Recipe,small,1000,50,800,constant+sigma_outlier,9.132526,9.477611,0.22128951621951387,,cpu,,torch.float32,3,pass,True,False,True,False,False,False
total_recipe_overhead,regression,TabICLv2 Recipe,small,1000,50,800,constant+sigma_outlier+unknown_category,19.063584,20.130271,1.029595779552668,,cpu,,torch.float32,3,pass,True,False,True,False,False,True
total_recipe_overhead,regression,TabICLv2 Recipe,small,1000,50,800,constant+sigma_outlier+missing,10.64762,10.725131,0.037411409136191676,,cpu,,torch.float32,3,pass,True,False,True,False,True,False
total_recipe_overhead,regression,TabICLv2 Recipe,small,1000,50,800,constant+sigma_outlier+missing+unknown_category,16.687966,16.88048,0.2851048514229262,,cpu,,torch.float32,3,pass,True,False,True,False,True,True
total_recipe_overhead,regression,TabICLv2 Recipe,small,1000,50,800,constant+sigma_outlier+categorical,17.465668,17.476629,0.23242971590616837,,cpu,,torch.float32,3,pass,True,False,True,True,False,False
total_recipe_overhead,regression,TabICLv2 Recipe,small,1000,50,800,constant+sigma_outlier+categorical+unknown_category,21.813968,23.344063,0.7359311132573633,,cpu,,torch.float32,3,pass,True,False,True,True,False,True
total_recipe_overhead,regression,TabICLv2 Recipe,small,1000,50,800,constant+sigma_outlier+categorical+missing,22.064332,25.595098,2.6210830491191155,,cpu,,torch.float32,3,pass,True,False,True,True,True,False
total_recipe_overhead,regression,TabICLv2 Recipe,small,1000,50,800,constant+sigma_outlier+categorical+missing+unknown_category,16.976381,18.482855,1.2759294759539026,,cpu,,torch.float32,3,pass,True,False,True,True,True,True
total_recipe_overhead,regression,TabICLv2 Recipe,small,1000,50,800,constant+hard_outlier,12.037532,12.065052,1.4763120042411997,,cpu,,torch.float32,3,pass,True,True,False,False,False,False
total_recipe_overhead,regression,TabICLv2 Recipe,small,1000,50,800,constant+hard_outlier+unknown_category,15.781412,15.885873,0.07536333756910947,,cpu,,torch.float32,3,pass,True,True,False,False,False,True
total_recipe_overhead,regression,TabICLv2 Recipe,small,1000,50,800,constant+hard_outlier+missing,9.36766,9.874818,0.24889690352209842,,cpu,,torch.float32,3,pass,True,True,False,False,True,False
total_recipe_overhead,regression,TabICLv2 Recipe,small,1000,50,800,constant+hard_outlier+missing+unknown_category,16.516854,17.824395,0.7007985327678383,,cpu,,torch.float32,3,pass,True,True,False,False,True,True
total_recipe_overhead,regression,TabICLv2 Recipe,small,1000,50,800,constant+hard_outlier+categorical,15.68259,16.430032,0.632622500125382,,cpu,,torch.float32,3,pass,True,True,False,True,False,False
total_recipe_overhead,regression,TabICLv2 Recipe,small,1000,50,800,constant+hard_outlier+categorical+unknown_category,16.330641,18.78504,1.2346407882854018,,cpu,,torch.float32,3,pass,True,True,False,True,False,True
total_recipe_overhead,regression,TabICLv2 Recipe,small,1000,50,800,constant+hard_outlier+categorical+missing,17.836684,18.80302,0.7435458803796547,,cpu,,torch.float32,3,pass,True,True,False,True,True,False
total_recipe_overhead,regression,TabICLv2 Recipe,small,1000,50,800,constant+hard_outlier+sigma_outlier,13.074689,15.295114,1.54231508169267,,cpu,,torch.float32,3,pass,True,True,True,False,False,False
total_recipe_overhead,regression,TabICLv2 Recipe,small,1000,50,800,constant+hard_outlier+sigma_outlier+unknown_category,25.213453,26.435332,1.3334761848919534,,cpu,,torch.float32,3,pass,True,True,True,False,False,True
total_recipe_overhead,regression,TabICLv2 Recipe,small,1000,50,800,constant+hard_outlier+sigma_outlier+missing,17.353527,17.744124,1.2018625147224158,,cpu,,torch.float32,3,pass,True,True,True,False,True,False
total_recipe_overhead,regression,TabICLv2 Recipe,small,1000,50,800,constant+hard_outlier+sigma_outlier+missing+unknown_category,16.073186,16.645685,0.5263073552151402,,cpu,,torch.float32,3,pass,True,True,True,False,True,True
total_recipe_overhead,regression,TabICLv2 Recipe,small,1000,50,800,constant+hard_outlier+sigma_outlier+categorical,15.447297,19.4121,1.9974588724041347,,cpu,,torch.float32,3,pass,True,True,True,True,False,False
total_recipe_overhead,regression,TabICLv2 Recipe,small,1000,50,800,constant+hard_outlier+sigma_outlier+categorical+unknown_category,19.175046,20.003369,1.4803673669704038,,cpu,,torch.float32,3,pass,True,True,True,True,False,True
total_recipe_overhead,regression,TabICLv2 Recipe,small,1000,50,800,constant+hard_outlier+sigma_outlier+categorical+missing,15.559608,16.012595,0.3439889710308878,,cpu,,torch.float32,3,pass,True,True,True,True,True,False
feature_fit,classification,TabICLv2 Recipe,medium,10000,100,8000,baseline,38.518465,40.151541,0.7931265084143625,,cpu,,torch.float32,3,pass,False,False,False,False,False,False
feature_transform,classification,TabICLv2 Recipe,medium,10000,100,8000,baseline,25.943714,30.380135,6.455143614351116,,cpu,,torch.float32,3,pass,False,False,False,False,False,False
feature_fit_transform,classification,TabICLv2 Recipe,medium,10000,100,8000,baseline,35.128951,35.605748,0.6096331037047328,,cpu,,torch.float32,3,pass,False,False,False,False,False,False
target_fit,classification,TabICLv2 Recipe,medium,10000,100,8000,baseline,3.07288,3.313773,0.12920893772749104,,cpu,,torch.float32,3,pass,False,False,False,False,False,False
target_transform,classification,TabICLv2 Recipe,medium,10000,100,8000,baseline,1.510434,1.587386,0.20336880868237606,,cpu,,torch.float32,3,pass,False,False,False,False,False,False
target_fit_transform,classification,TabICLv2 Recipe,medium,10000,100,8000,baseline,3.76485,3.927372,0.09032719635242147,,cpu,,torch.float32,3,pass,False,False,False,False,False,False
model_output_inverse_mapping,classification,TabICLv2 Recipe,medium,10000,100,8000,baseline,0.099531,0.124702,0.012105567874145991,,cpu,,torch.float32,3,pass,False,False,False,False,False,False
output_transform,classification,TabICLv2 Recipe,medium,10000,100,8000,baseline,0.153903,0.157353,0.01247581207332368,,cpu,,torch.float32,3,pass,False,False,False,False,False,False
total_recipe_overhead,classification,TabICLv2 Recipe,medium,10000,100,8000,baseline,54.786524,55.057909,0.20439986337731858,,cpu,,torch.float32,3,pass,False,False,False,False,False,False
fit,classification,StandardScale,medium,10000,100,8000,baseline,2.589242,2.648413,0.02893194076141843,,cpu,,torch.float32,3,pass,False,False,False,False,False,False
fit_transform,classification,StandardScale,medium,10000,100,8000,baseline,2.903627,3.0735,0.1047759719793724,,cpu,,torch.float32,3,pass,False,False,False,False,False,False
transform,classification,StandardScale,medium,10000,100,8000,baseline,0.378637,0.435587,0.0295458583335578,,cpu,,torch.float32,3,pass,False,False,False,False,False,False
inverse_transform,classification,StandardScale,medium,10000,100,8000,baseline,0.329175,0.338386,0.013292361724773466,,cpu,,torch.float32,3,pass,False,False,False,False,False,False
transform,classification,HardClip,medium,10000,100,8000,baseline,0.208613,0.245414,0.018511268285980716,,cpu,,torch.float32,3,pass,False,False,False,False,False,False
fit,classification,Power,medium,10000,100,8000,baseline,2545.848677,2608.032131,95.98990745854034,,cpu,,torch.float32,3,pass,False,False,False,False,False,False
fit_transform,classification,Power,medium,10000,100,8000,baseline,2584.600286,2759.055182,162.4753890716899,,cpu,,torch.float32,3,pass,False,False,False,False,False,False
transform,classification,Power,medium,10000,100,8000,baseline,56.180477,57.403326,3.2986050838505454,,cpu,,torch.float32,3,pass,False,False,False,False,False,False
inverse_transform,classification,Power,medium,10000,100,8000,baseline,69.009512,70.483156,7.118733775380326,,cpu,,torch.float32,3,pass,False,False,False,False,False,False
fit,classification,SigmaClip,medium,10000,100,8000,baseline,9.428811,9.610383,0.1423465738642449,,cpu,,torch.float32,3,pass,False,False,False,False,False,False
fit_transform,classification,SigmaClip,medium,10000,100,8000,baseline,10.846193,10.861794,0.16482076605479326,,cpu,,torch.float32,3,pass,False,False,False,False,False,False
transform,classification,SigmaClip,medium,10000,100,8000,baseline,1.788038,1.791389,0.0104581699163859,,cpu,,torch.float32,3,pass,False,False,False,False,False,False
fit,classification,FeaturePermute,medium,10000,100,8000,baseline,0.091242,0.141222,0.02796949870841449,,cpu,,torch.float32,3,pass,False,False,False,False,False,False
fit_transform,classification,FeaturePermute,medium,10000,100,8000,baseline,0.869644,0.910295,0.05308124727873925,,cpu,,torch.float32,3,pass,False,False,False,False,False,False
transform,classification,FeaturePermute,medium,10000,100,8000,baseline,1.036676,1.25647,0.10893703298083103,,cpu,,torch.float32,3,pass,False,False,False,False,False,False
inverse_transform,classification,FeaturePermute,medium,10000,100,8000,baseline,0.981506,1.063697,0.04775964282622812,,cpu,,torch.float32,3,pass,False,False,False,False,False,False
transform,classification,SoftmaxTemperature,medium,10000,100,8000,baseline,0.731082,1.616956,0.46350835023210635,,cpu,,torch.float32,3,pass,False,False,False,False,False,False
fit,classification,ClassShuffle,medium,10000,100,8000,baseline,0.101241,0.103412,0.0011410551647001524,,cpu,,torch.float32,3,pass,False,False,False,False,False,False
fit_transform,classification,ClassShuffle,medium,10000,100,8000,baseline,0.758172,0.903734,0.07558404658832889,,cpu,,torch.float32,3,pass,False,False,False,False,False,False
transform,classification,ClassShuffle,medium,10000,100,8000,baseline,0.63963,0.727021,0.04343839047304688,,cpu,,torch.float32,3,pass,False,False,False,False,False,False
feature_fit,classification,TabICLv2 Recipe,medium,10000,100,8000,constant,39.751735,54.311357,7.536316339801445,,cpu,,torch.float32,3,pass,True,False,False,False,False,False
feature_transform,classification,TabICLv2 Recipe,medium,10000,100,8000,constant,17.036182,18.639398,0.8788688300836862,,cpu,,torch.float32,3,pass,True,False,False,False,False,False
feature_fit_transform,classification,TabICLv2 Recipe,medium,10000,100,8000,constant,33.78273,53.663757,9.489454428002215,,cpu,,torch.float32,3,pass,True,False,False,False,False,False
target_fit,classification,TabICLv2 Recipe,medium,10000,100,8000,constant,3.10684,3.889052,0.4162076510880382,,cpu,,torch.float32,3,pass,True,False,False,False,False,False
target_transform,classification,TabICLv2 Recipe,medium,10000,100,8000,constant,1.21372,1.2539,0.01975168009731497,,cpu,,torch.float32,3,pass,True,False,False,False,False,False
target_fit_transform,classification,TabICLv2 Recipe,medium,10000,100,8000,constant,3.056468,3.064539,0.04771468288576263,,cpu,,torch.float32,3,pass,True,False,False,False,False,False
model_output_inverse_mapping,classification,TabICLv2 Recipe,medium,10000,100,8000,constant,0.100071,0.102731,0.0031838656099499917,,cpu,,torch.float32,3,pass,True,False,False,False,False,False
output_transform,classification,TabICLv2 Recipe,medium,10000,100,8000,constant,0.137372,0.148683,0.006029794376446204,,cpu,,torch.float32,3,pass,True,False,False,False,False,False
total_recipe_overhead,classification,TabICLv2 Recipe,medium,10000,100,8000,constant,69.51001,84.634772,15.15998994354873,,cpu,,torch.float32,3,pass,True,False,False,False,False,False
feature_fit,classification,TabICLv2 Recipe,medium,10000,100,8000,hard_outlier,29.766875,45.267702,7.3327202232833235,,cpu,,torch.float32,3,pass,False,True,False,False,False,False
feature_transform,classification,TabICLv2 Recipe,medium,10000,100,8000,hard_outlier,12.386998,12.629252,1.5388226605612771,,cpu,,torch.float32,3,pass,False,True,False,False,False,False
feature_fit_transform,classification,TabICLv2 Recipe,medium,10000,100,8000,hard_outlier,23.091499,23.707968,1.0107084761012397,,cpu,,torch.float32,3,pass,False,True,False,False,False,False
target_fit,classification,TabICLv2 Recipe,medium,10000,100,8000,hard_outlier,3.486165,3.720519,0.3259670735287367,,cpu,,torch.float32,3,pass,False,True,False,False,False,False
target_transform,classification,TabICLv2 Recipe,medium,10000,100,8000,hard_outlier,1.502634,1.544235,0.18525792148785433,,cpu,,torch.float32,3,pass,False,True,False,False,False,False
target_fit_transform,classification,TabICLv2 Recipe,medium,10000,100,8000,hard_outlier,3.847522,3.931383,0.08486760545042424,,cpu,,torch.float32,3,pass,False,True,False,False,False,False
model_output_inverse_mapping,classification,TabICLv2 Recipe,medium,10000,100,8000,hard_outlier,0.098891,0.099002,0.0015918710863495073,,cpu,,torch.float32,3,pass,False,True,False,False,False,False
output_transform,classification,TabICLv2 Recipe,medium,10000,100,8000,hard_outlier,0.133122,0.176113,0.020512991336115647,,cpu,,torch.float32,3,pass,False,True,False,False,False,False
total_recipe_overhead,classification,TabICLv2 Recipe,medium,10000,100,8000,hard_outlier,44.030123,45.450336,0.7655946205980468,,cpu,,torch.float32,3,pass,False,True,False,False,False,False
fit,classification,StandardScale,medium,10000,100,8000,hard_outlier,2.602182,3.039008,0.20693075990453097,,cpu,,torch.float32,3,pass,False,True,False,False,False,False
fit_transform,classification,StandardScale,medium,10000,100,8000,hard_outlier,2.882246,3.026668,0.07917022488424683,,cpu,,torch.float32,3,pass,False,True,False,False,False,False
transform,classification,StandardScale,medium,10000,100,8000,hard_outlier,0.359876,0.363466,0.028170159168090545,,cpu,,torch.float32,3,pass,False,True,False,False,False,False
inverse_transform,classification,StandardScale,medium,10000,100,8000,hard_outlier,0.317265,0.326025,0.010176195534459604,,cpu,,torch.float32,3,pass,False,True,False,False,False,False
transform,classification,HardClip,medium,10000,100,8000,hard_outlier,0.201263,0.217543,0.008863563366702777,,cpu,,torch.float32,3,pass,False,True,False,False,False,False
fit,classification,Power,medium,10000,100,8000,hard_outlier,2349.957338,2527.47436,94.89981629787181,,cpu,,torch.float32,3,pass,False,True,False,False,False,False
fit_transform,classification,Power,medium,10000,100,8000,hard_outlier,2550.471459,2633.472651,64.15151862175912,,cpu,,torch.float32,3,pass,False,True,False,False,False,False
transform,classification,Power,medium,10000,100,8000,hard_outlier,89.64429,104.429256,13.563498528559517,,cpu,,torch.float32,3,pass,False,True,False,False,False,False
inverse_transform,classification,Power,medium,10000,100,8000,hard_outlier,65.80297,68.138808,5.507139236866167,,cpu,,torch.float32,3,pass,False,True,False,False,False,False
fit,classification,SigmaClip,medium,10000,100,8000,hard_outlier,11.491244,13.437684,1.503046528142389,,cpu,,torch.float32,3,pass,False,True,False,False,False,False
fit_transform,classification,SigmaClip,medium,10000,100,8000,hard_outlier,10.989265,10.998735,0.03265569363662132,,cpu,,torch.float32,3,pass,False,True,False,False,False,False
transform,classification,SigmaClip,medium,10000,100,8000,hard_outlier,2.384998,2.441438,0.19172202837325594,,cpu,,torch.float32,3,pass,False,True,False,False,False,False
fit,classification,FeaturePermute,medium,10000,100,8000,hard_outlier,0.117972,0.132852,0.027695799284368015,,cpu,,torch.float32,3,pass,False,True,False,False,False,False
fit_transform,classification,FeaturePermute,medium,10000,100,8000,hard_outlier,0.835104,2.250946,0.6698323678194915,,cpu,,torch.float32,3,pass,False,True,False,False,False,False
transform,classification,FeaturePermute,medium,10000,100,8000,hard_outlier,1.134238,1.300101,0.1262365355539618,,cpu,,torch.float32,3,pass,False,True,False,False,False,False
inverse_transform,classification,FeaturePermute,medium,10000,100,8000,hard_outlier,1.162399,1.23278,0.13558861948392115,,cpu,,torch.float32,3,pass,False,True,False,False,False,False
transform,classification,SoftmaxTemperature,medium,10000,100,8000,hard_outlier,0.742241,0.812683,0.08183310523661354,,cpu,,torch.float32,3,pass,False,True,False,False,False,False
fit,classification,ClassShuffle,medium,10000,100,8000,hard_outlier,0.221073,0.307555,0.08654669533070958,,cpu,,torch.float32,3,pass,False,True,False,False,False,False
fit_transform,classification,ClassShuffle,medium,10000,100,8000,hard_outlier,1.136538,1.23744,0.19969530303940555,,cpu,,torch.float32,3,pass,False,True,False,False,False,False
transform,classification,ClassShuffle,medium,10000,100,8000,hard_outlier,0.514698,0.554128,0.01945171172130843,,cpu,,torch.float32,3,pass,False,True,False,False,False,False
feature_fit,classification,TabICLv2 Recipe,medium,10000,100,8000,sigma_outlier,37.163643,37.587649,1.9393230801294223,,cpu,,torch.float32,3,pass,False,False,True,False,False,False
feature_transform,classification,TabICLv2 Recipe,medium,10000,100,8000,sigma_outlier,17.811754,18.413244,1.3313589574649733,,cpu,,torch.float32,3,pass,False,False,True,False,False,False
feature_fit_transform,classification,TabICLv2 Recipe,medium,10000,100,8000,sigma_outlier,32.787054,35.545467,1.4604687574876634,,cpu,,torch.float32,3,pass,False,False,True,False,False,False
target_fit,classification,TabICLv2 Recipe,medium,10000,100,8000,sigma_outlier,3.73505,3.848111,0.12925531768385984,,cpu,,torch.float32,3,pass,False,False,True,False,False,False
target_transform,classification,TabICLv2 Recipe,medium,10000,100,8000,sigma_outlier,1.527134,1.537894,0.11524457379272425,,cpu,,torch.float32,3,pass,False,False,True,False,False,False
target_fit_transform,classification,TabICLv2 Recipe,medium,10000,100,8000,sigma_outlier,3.867132,4.294068,0.20518480051623936,,cpu,,torch.float32,3,pass,False,False,True,False,False,False
model_output_inverse_mapping,classification,TabICLv2 Recipe,medium,10000,100,8000,sigma_outlier,0.097121,0.098681,0.0016548111674750121,,cpu,,torch.float32,3,pass,False,False,True,False,False,False
output_transform,classification,TabICLv2 Recipe,medium,10000,100,8000,sigma_outlier,0.134352,0.160952,0.013860117844616866,,cpu,,torch.float32,3,pass,False,False,True,False,False,False
total_recipe_overhead,classification,TabICLv2 Recipe,medium,10000,100,8000,sigma_outlier,53.699517,59.360488,3.3234847774684715,,cpu,,torch.float32,3,pass,False,False,True,False,False,False
fit,classification,StandardScale,medium,10000,100,8000,sigma_outlier,2.571161,2.581871,0.011001316082885501,,cpu,,torch.float32,3,pass,False,False,True,False,False,False
fit_transform,classification,StandardScale,medium,10000,100,8000,sigma_outlier,2.891836,2.928157,0.01738695642013165,,cpu,,torch.float32,3,pass,False,False,True,False,False,False
transform,classification,StandardScale,medium,10000,100,8000,sigma_outlier,0.341385,0.364605,0.019913696012766924,,cpu,,torch.float32,3,pass,False,False,True,False,False,False
inverse_transform,classification,StandardScale,medium,10000,100,8000,sigma_outlier,0.273415,0.278674,0.0034285526910863523,,cpu,,torch.float32,3,pass,False,False,True,False,False,False
transform,classification,HardClip,medium,10000,100,8000,sigma_outlier,0.192033,0.200593,0.00865634256869878,,cpu,,torch.float32,3,pass,False,False,True,False,False,False
fit,classification,Power,medium,10000,100,8000,sigma_outlier,2339.873517,2628.441584,149.46124235580467,,cpu,,torch.float32,3,pass,False,False,True,False,False,False
fit_transform,classification,Power,medium,10000,100,8000,sigma_outlier,2412.238256,2716.028222,156.7253196363886,,cpu,,torch.float32,3,pass,False,False,True,False,False,False
transform,classification,Power,medium,10000,100,8000,sigma_outlier,79.311425,90.88342,13.127031007887835,,cpu,,torch.float32,3,pass,False,False,True,False,False,False
inverse_transform,classification,Power,medium,10000,100,8000,sigma_outlier,67.767201,107.332912,20.121253293293474,,cpu,,torch.float32,3,pass,False,False,True,False,False,False
fit,classification,SigmaClip,medium,10000,100,8000,sigma_outlier,41.115726,45.474056,15.252112048892581,,cpu,,torch.float32,3,pass,False,False,True,False,False,False
fit_transform,classification,SigmaClip,medium,10000,100,8000,sigma_outlier,27.228264,37.416877,8.965394840225102,,cpu,,torch.float32,3,pass,False,False,True,False,False,False
transform,classification,SigmaClip,medium,10000,100,8000,sigma_outlier,3.010948,4.35718,0.6501750381024753,,cpu,,torch.float32,3,pass,False,False,True,False,False,False
fit,classification,FeaturePermute,medium,10000,100,8000,sigma_outlier,0.057301,0.060531,0.0018180392368336478,,cpu,,torch.float32,3,pass,False,False,True,False,False,False
fit_transform,classification,FeaturePermute,medium,10000,100,8000,sigma_outlier,0.798033,2.279666,0.7256262869762155,,cpu,,torch.float32,3,pass,False,False,True,False,False,False
transform,classification,FeaturePermute,medium,10000,100,8000,sigma_outlier,3.717359,3.964653,1.3847974829355616,,cpu,,torch.float32,3,pass,False,False,True,False,False,False
inverse_transform,classification,FeaturePermute,medium,10000,100,8000,sigma_outlier,0.905655,0.917215,0.007564564774144142,,cpu,,torch.float32,3,pass,False,False,True,False,False,False
transform,classification,SoftmaxTemperature,medium,10000,100,8000,sigma_outlier,0.561429,0.60756,0.025327917285082897,,cpu,,torch.float32,3,pass,False,False,True,False,False,False
fit,classification,ClassShuffle,medium,10000,100,8000,sigma_outlier,0.083851,0.124252,0.022348615124879664,,cpu,,torch.float32,3,pass,False,False,True,False,False,False
fit_transform,classification,ClassShuffle,medium,10000,100,8000,sigma_outlier,0.61405,0.61856,0.008685045896379693,,cpu,,torch.float32,3,pass,False,False,True,False,False,False
transform,classification,ClassShuffle,medium,10000,100,8000,sigma_outlier,0.544469,0.876804,0.1611355814385996,,cpu,,torch.float32,3,pass,False,False,True,False,False,False
feature_fit,classification,TabICLv2 Recipe,medium,10000,100,8000,categorical,60.392053,61.368899,0.8322977660786772,,cpu,,torch.float32,3,pass,False,False,False,True,False,False
feature_transform,classification,TabICLv2 Recipe,medium,10000,100,8000,categorical,19.289377,20.016889,0.3961294794079324,,cpu,,torch.float32,3,pass,False,False,False,True,False,False
feature_fit_transform,classification,TabICLv2 Recipe,medium,10000,100,8000,categorical,44.909256,46.013174,1.034747524207823,,cpu,,torch.float32,3,pass,False,False,False,True,False,False
target_fit,classification,TabICLv2 Recipe,medium,10000,100,8000,categorical,3.14626,3.16044,0.04846418490665725,,cpu,,torch.float32,3,pass,False,False,False,True,False,False
target_transform,classification,TabICLv2 Recipe,medium,10000,100,8000,categorical,1.23598,1.28075,0.04152070452998925,,cpu,,torch.float32,3,pass,False,False,False,True,False,False
target_fit_transform,classification,TabICLv2 Recipe,medium,10000,100,8000,categorical,3.212061,3.234752,0.1274181810949895,,cpu,,torch.float32,3,pass,False,False,False,True,False,False
model_output_inverse_mapping,classification,TabICLv2 Recipe,medium,10000,100,8000,categorical,0.123812,0.133112,0.005739229526300165,,cpu,,torch.float32,3,pass,False,False,False,True,False,False
output_transform,classification,TabICLv2 Recipe,medium,10000,100,8000,categorical,0.133532,0.162993,0.014058385643056205,,cpu,,torch.float32,3,pass,False,False,False,True,False,False
total_recipe_overhead,classification,TabICLv2 Recipe,medium,10000,100,8000,categorical,73.242698,75.829909,1.5322843345582657,,cpu,,torch.float32,3,pass,False,False,False,True,False,False
fit,classification,StandardScale,medium,10000,100,8000,categorical,2.364958,2.47248,0.05903884383654173,,cpu,,torch.float32,3,pass,False,False,False,True,False,False
fit_transform,classification,StandardScale,medium,10000,100,8000,categorical,2.699643,2.737933,0.03149664214907151,,cpu,,torch.float32,3,pass,False,False,False,True,False,False
transform,classification,StandardScale,medium,10000,100,8000,categorical,0.330685,0.338005,0.006017216798487488,,cpu,,torch.float32,3,pass,False,False,False,True,False,False
inverse_transform,classification,StandardScale,medium,10000,100,8000,categorical,0.281855,0.297455,0.012102456692754582,,cpu,,torch.float32,3,pass,False,False,False,True,False,False
transform,classification,HardClip,medium,10000,100,8000,categorical,0.163223,0.179863,0.009177768804138732,,cpu,,torch.float32,3,pass,False,False,False,True,False,False
fit,classification,Power,medium,10000,100,8000,categorical,2141.603908,2565.5305,227.16924684447477,,cpu,,torch.float32,3,pass,False,False,False,True,False,False
fit_transform,classification,Power,medium,10000,100,8000,categorical,2171.740938,2620.218132,242.30731737369797,,cpu,,torch.float32,3,pass,False,False,False,True,False,False
transform,classification,Power,medium,10000,100,8000,categorical,40.479836,41.201937,0.6448635623173847,,cpu,,torch.float32,3,pass,False,False,False,True,False,False
inverse_transform,classification,Power,medium,10000,100,8000,categorical,43.511304,43.566075,0.0999575084423385,,cpu,,torch.float32,3,pass,False,False,False,True,False,False
fit,classification,SigmaClip,medium,10000,100,8000,categorical,8.113059,8.483965,0.2279094120834463,,cpu,,torch.float32,3,pass,False,False,False,True,False,False
fit_transform,classification,SigmaClip,medium,10000,100,8000,categorical,7.52865,9.125486,0.9301622592807248,,cpu,,torch.float32,3,pass,False,False,False,True,False,False
transform,classification,SigmaClip,medium,10000,100,8000,categorical,1.521685,1.608815,0.04476019107048887,,cpu,,torch.float32,3,pass,False,False,False,True,False,False
fit,classification,FeaturePermute,medium,10000,100,8000,categorical,0.058191,0.088572,0.015197583148499484,,cpu,,torch.float32,3,pass,False,False,False,True,False,False
fit_transform,classification,FeaturePermute,medium,10000,100,8000,categorical,0.462657,0.660341,0.09345661343461287,,cpu,,torch.float32,3,pass,False,False,False,True,False,False
transform,classification,FeaturePermute,medium,10000,100,8000,categorical,0.538179,0.552209,0.032283419493947973,,cpu,,torch.float32,3,pass,False,False,False,True,False,False
inverse_transform,classification,FeaturePermute,medium,10000,100,8000,categorical,0.522358,0.62477,0.056939553376073024,,cpu,,torch.float32,3,pass,False,False,False,True,False,False
transform,classification,SoftmaxTemperature,medium,10000,100,8000,categorical,0.539579,0.547059,0.016223921987813736,,cpu,,torch.float32,3,pass,False,False,False,True,False,False
fit,classification,CategoricalAlign,medium,10000,100,8000,categorical,3.419804,3.475036,0.20030582357540727,,cpu,,torch.float32,3,pass,False,False,False,True,False,False
fit_transform,classification,CategoricalAlign,medium,10000,100,8000,categorical,7.566561,7.715233,0.11267516888235245,,cpu,,torch.float32,3,pass,False,False,False,True,False,False
transform,classification,CategoricalAlign,medium,10000,100,8000,categorical,4.917928,4.978349,0.11781465481660383,,cpu,,torch.float32,3,pass,False,False,False,True,False,False
fit,classification,ClassShuffle,medium,10000,100,8000,categorical,0.076671,0.081472,0.003138364790070711,,cpu,,torch.float32,3,pass,False,False,False,True,False,False
fit_transform,classification,ClassShuffle,medium,10000,100,8000,categorical,0.558599,0.584269,0.012449156151679104,,cpu,,torch.float32,3,pass,False,False,False,True,False,False
transform,classification,ClassShuffle,medium,10000,100,8000,categorical,0.463067,0.465447,0.0025970145680505275,,cpu,,torch.float32,3,pass,False,False,False,True,False,False
feature_fit,classification,TabICLv2 Recipe,medium,10000,100,8000,missing,18.928792,19.266727,1.1255707285861698,,cpu,,torch.float32,3,pass,False,False,False,False,True,False
feature_transform,classification,TabICLv2 Recipe,medium,10000,100,8000,missing,12.752624,13.248491,0.8853421671907417,,cpu,,torch.float32,3,pass,False,False,False,False,True,False
feature_fit_transform,classification,TabICLv2 Recipe,medium,10000,100,8000,missing,20.585238,22.000991,0.7081624945509795,,cpu,,torch.float32,3,pass,False,False,False,False,True,False
target_fit,classification,TabICLv2 Recipe,medium,10000,100,8000,missing,3.329073,3.421204,0.050171374155654355,,cpu,,torch.float32,3,pass,False,False,False,False,True,False
target_transform,classification,TabICLv2 Recipe,medium,10000,100,8000,missing,1.28693,1.310231,0.014882839715591891,,cpu,,torch.float32,3,pass,False,False,False,False,True,False
target_fit_transform,classification,TabICLv2 Recipe,medium,10000,100,8000,missing,3.293583,3.352734,0.03017880718134637,,cpu,,torch.float32,3,pass,False,False,False,False,True,False
model_output_inverse_mapping,classification,TabICLv2 Recipe,medium,10000,100,8000,missing,0.132702,0.151883,0.014169298743723656,,cpu,,torch.float32,3,pass,False,False,False,False,True,False
output_transform,classification,TabICLv2 Recipe,medium,10000,100,8000,missing,0.167143,0.183073,0.0075286385223359,,cpu,,torch.float32,3,pass,False,False,False,False,True,False
total_recipe_overhead,classification,TabICLv2 Recipe,medium,10000,100,8000,missing,42.958655,44.51881,2.0710206070132577,,cpu,,torch.float32,3,pass,False,False,False,False,True,False
feature_fit,classification,TabICLv2 Recipe,medium,10000,100,8000,unknown_category,45.806991,46.869497,0.7004470750572257,,cpu,,torch.float32,3,pass,False,False,False,False,False,True
feature_transform,classification,TabICLv2 Recipe,medium,10000,100,8000,unknown_category,24.42401,42.804833,8.762118835393501,,cpu,,torch.float32,3,pass,False,False,False,False,False,True
feature_fit_transform,classification,TabICLv2 Recipe,medium,10000,100,8000,unknown_category,51.934298,55.563136,4.411517636850233,,cpu,,torch.float32,3,pass,False,False,False,False,False,True
target_fit,classification,TabICLv2 Recipe,medium,10000,100,8000,unknown_category,4.158477,4.160816,0.07398485242414299,,cpu,,torch.float32,3,pass,False,False,False,False,False,True
target_transform,classification,TabICLv2 Recipe,medium,10000,100,8000,unknown_category,1.593565,1.699707,0.07962674601888216,,cpu,,torch.float32,3,pass,False,False,False,False,False,True
target_fit_transform,classification,TabICLv2 Recipe,medium,10000,100,8000,unknown_category,4.601134,6.520184,1.0385549246615062,,cpu,,torch.float32,3,pass,False,False,False,False,False,True
model_output_inverse_mapping,classification,TabICLv2 Recipe,medium,10000,100,8000,unknown_category,0.134112,0.139492,0.0034304648211122804,,cpu,,torch.float32,3,pass,False,False,False,False,False,True
output_transform,classification,TabICLv2 Recipe,medium,10000,100,8000,unknown_category,0.190503,0.223314,0.036338150393216216,,cpu,,torch.float32,3,pass,False,False,False,False,False,True
total_recipe_overhead,classification,TabICLv2 Recipe,medium,10000,100,8000,unknown_category,152.058055,217.705283,39.02943411851309,,cpu,,torch.float32,3,pass,False,False,False,False,False,True
feature_fit,classification,TabICLv2 Recipe,medium,10000,100,8000,constant+hard_outlier+categorical+missing+unknown_category,32.169113,34.032463,1.9308140358681767,,cpu,,torch.float32,3,pass,True,True,False,True,True,True
feature_transform,classification,TabICLv2 Recipe,medium,10000,100,8000,constant+hard_outlier+categorical+missing+unknown_category,9.694574,14.032504,2.1778801197688136,,cpu,,torch.float32,3,pass,True,True,False,True,True,True
feature_fit_transform,classification,TabICLv2 Recipe,medium,10000,100,8000,constant+hard_outlier+categorical+missing+unknown_category,32.264835,34.53565,1.4519495683524573,,cpu,,torch.float32,3,pass,True,True,False,True,True,True
target_fit,classification,TabICLv2 Recipe,medium,10000,100,8000,constant+hard_outlier+categorical+missing+unknown_category,3.144941,3.642578,0.28483048970025804,,cpu,,torch.float32,3,pass,True,True,False,True,True,True
target_transform,classification,TabICLv2 Recipe,medium,10000,100,8000,constant+hard_outlier+categorical+missing+unknown_category,1.149468,1.176928,0.025730637164456054,,cpu,,torch.float32,3,pass,True,True,False,True,True,True
target_fit_transform,classification,TabICLv2 Recipe,medium,10000,100,8000,constant+hard_outlier+categorical+missing+unknown_category,3.09713,3.117709,0.02553426926483098,,cpu,,torch.float32,3,pass,True,True,False,True,True,True
model_output_inverse_mapping,classification,TabICLv2 Recipe,medium,10000,100,8000,constant+hard_outlier+categorical+missing+unknown_category,0.098462,0.135872,0.01773506695786627,,cpu,,torch.float32,3,pass,True,True,False,True,True,True
output_transform,classification,TabICLv2 Recipe,medium,10000,100,8000,constant+hard_outlier+categorical+missing+unknown_category,0.161952,0.173573,0.016525641429810427,,cpu,,torch.float32,3,pass,True,True,False,True,True,True
total_recipe_overhead,classification,TabICLv2 Recipe,medium,10000,100,8000,constant+hard_outlier+categorical+missing+unknown_category,47.749922,48.652526,0.5235543038025985,,cpu,,torch.float32,3,pass,True,True,False,True,True,True
feature_fit,classification,TabICLv2 Recipe,medium,10000,100,8000,constant+hard_outlier+sigma_outlier+categorical+missing+unknown_category,39.270587,39.51209,0.31633409774301785,,cpu,,torch.float32,3,pass,True,True,True,True,True,True
feature_transform,classification,TabICLv2 Recipe,medium,10000,100,8000,constant+hard_outlier+sigma_outlier+categorical+missing+unknown_category,29.886576,47.205013,9.594236019055828,,cpu,,torch.float32,3,pass,True,True,True,True,True,True
feature_fit_transform,classification,TabICLv2 Recipe,medium,10000,100,8000,constant+hard_outlier+sigma_outlier+categorical+missing+unknown_category,50.307152,56.029553,2.7165823638965927,,cpu,,torch.float32,3,pass,True,True,True,True,True,True
target_fit,classification,TabICLv2 Recipe,medium,10000,100,8000,constant+hard_outlier+sigma_outlier+categorical+missing+unknown_category,3.621268,3.79915,0.21607692811126314,,cpu,,torch.float32,3,pass,True,True,True,True,True,True
target_transform,classification,TabICLv2 Recipe,medium,10000,100,8000,constant+hard_outlier+sigma_outlier+categorical+missing+unknown_category,1.278771,1.419623,0.06791709540478175,,cpu,,torch.float32,3,pass,True,True,True,True,True,True
target_fit_transform,classification,TabICLv2 Recipe,medium,10000,100,8000,constant+hard_outlier+sigma_outlier+categorical+missing+unknown_category,3.324532,3.359704,0.03515724664987279,,cpu,,torch.float32,3,pass,True,True,True,True,True,True
model_output_inverse_mapping,classification,TabICLv2 Recipe,medium,10000,100,8000,constant+hard_outlier+sigma_outlier+categorical+missing+unknown_category,0.109222,0.307864,0.09410635431019287,,cpu,,torch.float32,3,pass,True,True,True,True,True,True
output_transform,classification,TabICLv2 Recipe,medium,10000,100,8000,constant+hard_outlier+sigma_outlier+categorical+missing+unknown_category,0.140902,0.141942,0.0020894869120326055,,cpu,,torch.float32,3,pass,True,True,True,True,True,True
total_recipe_overhead,classification,TabICLv2 Recipe,medium,10000,100,8000,constant+hard_outlier+sigma_outlier+categorical+missing+unknown_category,66.634483,67.484586,2.383562094511629,,cpu,,torch.float32,3,pass,True,True,True,True,True,True
total_recipe_overhead,classification,TabICLv2 Recipe,medium,10000,100,8000,missing+unknown_category,46.888297,48.2678,1.8181648615851336,,cpu,,torch.float32,3,pass,False,False,False,False,True,True
total_recipe_overhead,classification,TabICLv2 Recipe,medium,10000,100,8000,categorical+unknown_category,61.502321,75.413913,7.336530515969714,,cpu,,torch.float32,3,pass,False,False,False,True,False,True
total_recipe_overhead,classification,TabICLv2 Recipe,medium,10000,100,8000,categorical+missing,80.014466,80.297381,1.9965373944754652,,cpu,,torch.float32,3,pass,False,False,False,True,True,False
total_recipe_overhead,classification,TabICLv2 Recipe,medium,10000,100,8000,categorical+missing+unknown_category,52.821563,66.097585,7.604832014584161,,cpu,,torch.float32,3,pass,False,False,False,True,True,True
total_recipe_overhead,classification,TabICLv2 Recipe,medium,10000,100,8000,sigma_outlier+unknown_category,81.555921,93.219367,9.464468663858248,,cpu,,torch.float32,3,pass,False,False,True,False,False,True
total_recipe_overhead,classification,TabICLv2 Recipe,medium,10000,100,8000,sigma_outlier+missing,120.880078,128.426089,13.007065770509731,,cpu,,torch.float32,3,pass,False,False,True,False,True,False
total_recipe_overhead,classification,TabICLv2 Recipe,medium,10000,100,8000,sigma_outlier+missing+unknown_category,46.933088,51.236278,2.735843644419436,,cpu,,torch.float32,3,pass,False,False,True,False,True,True
total_recipe_overhead,classification,TabICLv2 Recipe,medium,10000,100,8000,sigma_outlier+categorical,75.297181,75.966941,2.5484347644431127,,cpu,,torch.float32,3,pass,False,False,True,True,False,False
total_recipe_overhead,classification,TabICLv2 Recipe,medium,10000,100,8000,sigma_outlier+categorical+unknown_category,65.560865,67.129681,2.488573730700114,,cpu,,torch.float32,3,pass,False,False,True,True,False,True
total_recipe_overhead,classification,TabICLv2 Recipe,medium,10000,100,8000,sigma_outlier+categorical+missing,78.920649,106.898455,13.489234226895297,,cpu,,torch.float32,3,pass,False,False,True,True,True,False
total_recipe_overhead,classification,TabICLv2 Recipe,medium,10000,100,8000,sigma_outlier+categorical+missing+unknown_category,49.833465,53.142467,3.440097935232757,,cpu,,torch.float32,3,pass,False,False,True,True,True,True
total_recipe_overhead,classification,TabICLv2 Recipe,medium,10000,100,8000,hard_outlier+unknown_category,69.866964,71.788385,1.6717233957427176,,cpu,,torch.float32,3,pass,False,True,False,False,False,True
total_recipe_overhead,classification,TabICLv2 Recipe,medium,10000,100,8000,hard_outlier+missing,30.551127,30.844782,0.9552344433001189,,cpu,,torch.float32,3,pass,False,True,False,False,True,False
total_recipe_overhead,classification,TabICLv2 Recipe,medium,10000,100,8000,hard_outlier+missing+unknown_category,72.936073,90.90609,9.798406012926538,,cpu,,torch.float32,3,pass,False,True,False,False,True,True
total_recipe_overhead,classification,TabICLv2 Recipe,medium,10000,100,8000,hard_outlier+categorical,85.792628,88.656694,4.236393106709632,,cpu,,torch.float32,3,pass,False,True,False,True,False,False
total_recipe_overhead,classification,TabICLv2 Recipe,medium,10000,100,8000,hard_outlier+categorical+unknown_category,76.615522,81.135354,5.702125936838181,,cpu,,torch.float32,3,pass,False,True,False,True,False,True
total_recipe_overhead,classification,TabICLv2 Recipe,medium,10000,100,8000,hard_outlier+categorical+missing,112.22841,159.961972,25.04192777073049,,cpu,,torch.float32,3,pass,False,True,False,True,True,False
total_recipe_overhead,classification,TabICLv2 Recipe,medium,10000,100,8000,hard_outlier+categorical+missing+unknown_category,65.991673,68.730726,1.618814184433027,,cpu,,torch.float32,3,pass,False,True,False,True,True,True
total_recipe_overhead,classification,TabICLv2 Recipe,medium,10000,100,8000,hard_outlier+sigma_outlier,51.4075,53.214919,1.3484222423017216,,cpu,,torch.float32,3,pass,False,True,True,False,False,False
total_recipe_overhead,classification,TabICLv2 Recipe,medium,10000,100,8000,hard_outlier+sigma_outlier+unknown_category,61.753156,65.282311,1.6708283319041395,,cpu,,torch.float32,3,pass,False,True,True,False,False,True
total_recipe_overhead,classification,TabICLv2 Recipe,medium,10000,100,8000,hard_outlier+sigma_outlier+missing,64.341116,71.293388,3.6786117258458884,,cpu,,torch.float32,3,pass,False,True,True,False,True,False
total_recipe_overhead,classification,TabICLv2 Recipe,medium,10000,100,8000,hard_outlier+sigma_outlier+missing+unknown_category,62.830922,63.907309,0.6430507795133011,,cpu,,torch.float32,3,pass,False,True,True,False,True,True
total_recipe_overhead,classification,TabICLv2 Recipe,medium,10000,100,8000,hard_outlier+sigma_outlier+categorical,58.832488,59.118253,1.673327682601414,,cpu,,torch.float32,3,pass,False,True,True,True,False,False
total_recipe_overhead,classification,TabICLv2 Recipe,medium,10000,100,8000,hard_outlier+sigma_outlier+categorical+unknown_category,67.154901,80.161139,6.702984039191619,,cpu,,torch.float32,3,pass,False,True,True,True,False,True
total_recipe_overhead,classification,TabICLv2 Recipe,medium,10000,100,8000,hard_outlier+sigma_outlier+categorical+missing,54.442478,85.84105,15.147565485870379,,cpu,,torch.float32,3,pass,False,True,True,True,True,False
total_recipe_overhead,classification,TabICLv2 Recipe,medium,10000,100,8000,hard_outlier+sigma_outlier+categorical+missing+unknown_category,88.269378,88.442851,5.2251842456406195,,cpu,,torch.float32,3,pass,False,True,True,True,True,True
total_recipe_overhead,classification,TabICLv2 Recipe,medium,10000,100,8000,constant+unknown_category,80.138418,83.679745,8.225571795213845,,cpu,,torch.float32,3,pass,True,False,False,False,False,True
total_recipe_overhead,classification,TabICLv2 Recipe,medium,10000,100,8000,constant+missing,41.446322,41.504222,0.9600154972347532,,cpu,,torch.float32,3,pass,True,False,False,False,True,False
total_recipe_overhead,classification,TabICLv2 Recipe,medium,10000,100,8000,constant+missing+unknown_category,151.306023,219.065785,47.61848474351854,,cpu,,torch.float32,3,pass,True,False,False,False,True,True
total_recipe_overhead,classification,TabICLv2 Recipe,medium,10000,100,8000,constant+categorical,65.772259,68.427741,2.1662698168582066,,cpu,,torch.float32,3,pass,True,False,False,True,False,False
total_recipe_overhead,classification,TabICLv2 Recipe,medium,10000,100,8000,constant+categorical+unknown_category,59.914876,62.850753,2.155035276257651,,cpu,,torch.float32,3,pass,True,False,False,True,False,True
total_recipe_overhead,classification,TabICLv2 Recipe,medium,10000,100,8000,constant+categorical+missing,76.662353,81.199966,3.1983507103831954,,cpu,,torch.float32,3,pass,True,False,False,True,True,False
total_recipe_overhead,classification,TabICLv2 Recipe,medium,10000,100,8000,constant+categorical+missing+unknown_category,47.208533,53.625846,3.0973327925188587,,cpu,,torch.float32,3,pass,True,False,False,True,True,True
total_recipe_overhead,classification,TabICLv2 Recipe,medium,10000,100,8000,constant+sigma_outlier,50.454195,52.231524,0.9837725803690616,,cpu,,torch.float32,3,pass,True,False,True,False,False,False
total_recipe_overhead,classification,TabICLv2 Recipe,medium,10000,100,8000,constant+sigma_outlier+unknown_category,66.633603,72.802871,3.1284981009364,,cpu,,torch.float32,3,pass,True,False,True,False,False,True
total_recipe_overhead,classification,TabICLv2 Recipe,medium,10000,100,8000,constant+sigma_outlier+missing,44.188345,46.809157,2.846621278667553,,cpu,,torch.float32,3,pass,True,False,True,False,True,False
total_recipe_overhead,classification,TabICLv2 Recipe,medium,10000,100,8000,constant+sigma_outlier+missing+unknown_category,69.913725,70.537415,0.44870059359691,,cpu,,torch.float32,3,pass,True,False,True,False,True,True
total_recipe_overhead,classification,TabICLv2 Recipe,medium,10000,100,8000,constant+sigma_outlier+categorical,56.831107,103.831897,22.583663126041078,,cpu,,torch.float32,3,pass,True,False,True,True,False,False
total_recipe_overhead,classification,TabICLv2 Recipe,medium,10000,100,8000,constant+sigma_outlier+categorical+unknown_category,63.785397,89.855264,13.413166931272482,,cpu,,torch.float32,3,pass,True,False,True,True,False,True
total_recipe_overhead,classification,TabICLv2 Recipe,medium,10000,100,8000,constant+sigma_outlier+categorical+missing,67.800132,71.192456,1.5999850622678413,,cpu,,torch.float32,3,pass,True,False,True,True,True,False
total_recipe_overhead,classification,TabICLv2 Recipe,medium,10000,100,8000,constant+sigma_outlier+categorical+missing+unknown_category,131.055,137.565394,26.30289388193426,,cpu,,torch.float32,3,pass,True,False,True,True,True,True
total_recipe_overhead,classification,TabICLv2 Recipe,medium,10000,100,8000,constant+hard_outlier,50.337543,53.735687,2.3726444496689525,,cpu,,torch.float32,3,pass,True,True,False,False,False,False
total_recipe_overhead,classification,TabICLv2 Recipe,medium,10000,100,8000,constant+hard_outlier+unknown_category,57.148291,60.736739,2.3483671252537714,,cpu,,torch.float32,3,pass,True,True,False,False,False,True
total_recipe_overhead,classification,TabICLv2 Recipe,medium,10000,100,8000,constant+hard_outlier+missing,63.022325,65.341253,2.101926277377702,,cpu,,torch.float32,3,pass,True,True,False,False,True,False
total_recipe_overhead,classification,TabICLv2 Recipe,medium,10000,100,8000,constant+hard_outlier+missing+unknown_category,54.452759,57.329104,1.4630396178739198,,cpu,,torch.float32,3,pass,True,True,False,False,True,True
total_recipe_overhead,classification,TabICLv2 Recipe,medium,10000,100,8000,constant+hard_outlier+categorical,57.087071,57.353454,2.909396307261049,,cpu,,torch.float32,3,pass,True,True,False,True,False,False
total_recipe_overhead,classification,TabICLv2 Recipe,medium,10000,100,8000,constant+hard_outlier+categorical+unknown_category,59.123873,63.640955,3.78244827937964,,cpu,,torch.float32,3,pass,True,True,False,True,False,True
total_recipe_overhead,classification,TabICLv2 Recipe,medium,10000,100,8000,constant+hard_outlier+categorical+missing,63.27526,64.475808,2.9918237615524,,cpu,,torch.float32,3,pass,True,True,False,True,True,False
total_recipe_overhead,classification,TabICLv2 Recipe,medium,10000,100,8000,constant+hard_outlier+sigma_outlier,58.138607,70.140909,7.047814449144404,,cpu,,torch.float32,3,pass,True,True,True,False,False,False
total_recipe_overhead,classification,TabICLv2 Recipe,medium,10000,100,8000,constant+hard_outlier+sigma_outlier+unknown_category,65.389883,79.161713,7.337289487889172,,cpu,,torch.float32,3,pass,True,True,True,False,False,True
total_recipe_overhead,classification,TabICLv2 Recipe,medium,10000,100,8000,constant+hard_outlier+sigma_outlier+missing,56.916488,61.345828,2.406873605372929,,cpu,,torch.float32,3,pass,True,True,True,False,True,False
total_recipe_overhead,classification,TabICLv2 Recipe,medium,10000,100,8000,constant+hard_outlier+sigma_outlier+missing+unknown_category,58.460562,63.832668,4.100722298183196,,cpu,,torch.float32,3,pass,True,True,True,False,True,True
total_recipe_overhead,classification,TabICLv2 Recipe,medium,10000,100,8000,constant+hard_outlier+sigma_outlier+categorical,79.071011,89.65232,6.29796595556059,,cpu,,torch.float32,3,pass,True,True,True,True,False,False
total_recipe_overhead,classification,TabICLv2 Recipe,medium,10000,100,8000,constant+hard_outlier+sigma_outlier+categorical+unknown_category,70.500005,103.306058,16.890245814504357,,cpu,,torch.float32,3,pass,True,True,True,True,False,True
total_recipe_overhead,classification,TabICLv2 Recipe,medium,10000,100,8000,constant+hard_outlier+sigma_outlier+categorical+missing,62.308974,68.803827,4.695647373120227,,cpu,,torch.float32,3,pass,True,True,True,True,True,False
feature_fit,regression,TabICLv2 Recipe,medium,10000,100,8000,baseline,36.933619,39.054983,1.1524020284695207,,cpu,,torch.float32,3,pass,False,False,False,False,False,False
feature_transform,regression,TabICLv2 Recipe,medium,10000,100,8000,baseline,13.722099,15.558057,1.1673582387356505,,cpu,,torch.float32,3,pass,False,False,False,False,False,False
feature_fit_transform,regression,TabICLv2 Recipe,medium,10000,100,8000,baseline,31.696466,33.23032,1.0529261101946108,,cpu,,torch.float32,3,pass,False,False,False,False,False,False
target_fit,regression,TabICLv2 Recipe,medium,10000,100,8000,baseline,0.553379,0.672531,0.07187533704191505,,cpu,,torch.float32,3,pass,False,False,False,False,False,False
target_transform,regression,TabICLv2 Recipe,medium,10000,100,8000,baseline,0.210434,0.231494,0.017122393530760303,,cpu,,torch.float32,3,pass,False,False,False,False,False,False
target_fit_transform,regression,TabICLv2 Recipe,medium,10000,100,8000,baseline,0.523838,0.564179,0.025342663505550367,,cpu,,torch.float32,3,pass,False,False,False,False,False,False
target_inverse_transform,regression,TabICLv2 Recipe,medium,10000,100,8000,baseline,6.133268,6.973221,0.9671327561482387,,cpu,,torch.float32,3,pass,False,False,False,False,False,False
model_output_inverse_mapping,regression,TabICLv2 Recipe,medium,10000,100,8000,baseline,9.35059,12.919756,1.6946677833914494,,cpu,,torch.float32,3,pass,False,False,False,False,False,False
output_transform,regression,TabICLv2 Recipe,medium,10000,100,8000,baseline,0.02116,0.02214,0.0029448267634390084,,cpu,,torch.float32,3,pass,False,False,False,False,False,False
total_recipe_overhead,regression,TabICLv2 Recipe,medium,10000,100,8000,baseline,64.672912,66.819146,1.3386472553625035,,cpu,,torch.float32,3,pass,False,False,False,False,False,False
fit,regression,StandardScale,medium,10000,100,8000,baseline,2.606642,2.628292,0.02409799495578184,,cpu,,torch.float32,3,pass,False,False,False,False,False,False
fit_transform,regression,StandardScale,medium,10000,100,8000,baseline,2.988098,2.995598,0.009913262732319874,,cpu,,torch.float32,3,pass,False,False,False,False,False,False
transform,regression,StandardScale,medium,10000,100,8000,baseline,0.423907,0.457747,0.06982450391915117,,cpu,,torch.float32,3,pass,False,False,False,False,False,False
inverse_transform,regression,StandardScale,medium,10000,100,8000,baseline,0.278184,0.293675,0.014723590602234984,,cpu,,torch.float32,3,pass,False,False,False,False,False,False
transform,regression,HardClip,medium,10000,100,8000,baseline,0.195013,0.223514,0.022977656988184558,,cpu,,torch.float32,3,pass,False,False,False,False,False,False
fit,regression,Power,medium,10000,100,8000,baseline,2542.779851,2645.679312,73.84569535096998,,cpu,,torch.float32,3,pass,False,False,False,False,False,False
fit_transform,regression,Power,medium,10000,100,8000,baseline,2539.653957,2593.759193,114.3289698024044,,cpu,,torch.float32,3,pass,False,False,False,False,False,False
transform,regression,Power,medium,10000,100,8000,baseline,50.462715,54.50671,3.5408642674268407,,cpu,,torch.float32,3,pass,False,False,False,False,False,False
inverse_transform,regression,Power,medium,10000,100,8000,baseline,69.736172,78.579814,6.92781507416787,,cpu,,torch.float32,3,pass,False,False,False,False,False,False
fit,regression,SigmaClip,medium,10000,100,8000,baseline,8.74678,9.40252,1.1133365651653693,,cpu,,torch.float32,3,pass,False,False,False,False,False,False
fit_transform,regression,SigmaClip,medium,10000,100,8000,baseline,10.233223,10.390226,0.08493010343021268,,cpu,,torch.float32,3,pass,False,False,False,False,False,False
transform,regression,SigmaClip,medium,10000,100,8000,baseline,1.723458,1.732967,0.037609897937762114,,cpu,,torch.float32,3,pass,False,False,False,False,False,False
fit,regression,FeaturePermute,medium,10000,100,8000,baseline,0.083542,0.085412,0.0026106742849735633,,cpu,,torch.float32,3,pass,False,False,False,False,False,False
fit_transform,regression,FeaturePermute,medium,10000,100,8000,baseline,0.913205,0.920985,0.021669738674525416,,cpu,,torch.float32,3,pass,False,False,False,False,False,False
transform,regression,FeaturePermute,medium,10000,100,8000,baseline,0.950705,0.954305,0.006917860941071286,,cpu,,torch.float32,3,pass,False,False,False,False,False,False
inverse_transform,regression,FeaturePermute,medium,10000,100,8000,baseline,1.023646,1.197359,0.08574704599900546,,cpu,,torch.float32,3,pass,False,False,False,False,False,False
transform,regression,SoftmaxTemperature,medium,10000,100,8000,baseline,0.62694,0.747412,0.06767609547444847,,cpu,,torch.float32,3,pass,False,False,False,False,False,False
feature_fit,regression,TabICLv2 Recipe,medium,10000,100,8000,constant,31.052955,36.93461,3.9029655951690825,,cpu,,torch.float32,3,pass,True,False,False,False,False,False
feature_transform,regression,TabICLv2 Recipe,medium,10000,100,8000,constant,15.168492,15.311724,0.6384083997887944,,cpu,,torch.float32,3,pass,True,False,False,False,False,False
feature_fit_transform,regression,TabICLv2 Recipe,medium,10000,100,8000,constant,27.457878,29.406389,1.9094282241278995,,cpu,,torch.float32,3,pass,True,False,False,False,False,False
target_fit,regression,TabICLv2 Recipe,medium,10000,100,8000,constant,0.734042,0.864613,0.06514927290973141,,cpu,,torch.float32,3,pass,True,False,False,False,False,False
target_transform,regression,TabICLv2 Recipe,medium,10000,100,8000,constant,0.361986,0.374516,0.006342672062221806,,cpu,,torch.float32,3,pass,True,False,False,False,False,False
target_fit_transform,regression,TabICLv2 Recipe,medium,10000,100,8000,constant,0.800352,0.803943,0.05417785390729313,,cpu,,torch.float32,3,pass,True,False,False,False,False,False
target_inverse_transform,regression,TabICLv2 Recipe,medium,10000,100,8000,constant,9.355899,10.154692,2.0841387890907526,,cpu,,torch.float32,3,pass,True,False,False,False,False,False
model_output_inverse_mapping,regression,TabICLv2 Recipe,medium,10000,100,8000,constant,14.349089,14.40032,1.5175700629173232,,cpu,,torch.float32,3,pass,True,False,False,False,False,False
output_transform,regression,TabICLv2 Recipe,medium,10000,100,8000,constant,0.017591,0.01841,0.0010183549915863768,,cpu,,torch.float32,3,pass,True,False,False,False,False,False
total_recipe_overhead,regression,TabICLv2 Recipe,medium,10000,100,8000,constant,61.929888,65.531655,1.7458917235892824,,cpu,,torch.float32,3,pass,True,False,False,False,False,False
feature_fit,regression,TabICLv2 Recipe,medium,10000,100,8000,hard_outlier,18.915572,19.219687,0.1558257636129395,,cpu,,torch.float32,3,pass,False,True,False,False,False,False
feature_transform,regression,TabICLv2 Recipe,medium,10000,100,8000,hard_outlier,10.207583,10.453007,0.532194864615918,,cpu,,torch.float32,3,pass,False,True,False,False,False,False
feature_fit_transform,regression,TabICLv2 Recipe,medium,10000,100,8000,hard_outlier,18.422934,19.203926,0.7236633561281552,,cpu,,torch.float32,3,pass,False,True,False,False,False,False
target_fit,regression,TabICLv2 Recipe,medium,10000,100,8000,hard_outlier,0.549359,0.560989,0.02037224337725772,,cpu,,torch.float32,3,pass,False,True,False,False,False,False
target_transform,regression,TabICLv2 Recipe,medium,10000,100,8000,hard_outlier,0.225804,0.232664,0.017037791334429342,,cpu,,torch.float32,3,pass,False,True,False,False,False,False
target_fit_transform,regression,TabICLv2 Recipe,medium,10000,100,8000,hard_outlier,0.491108,0.517358,0.013910835904271003,,cpu,,torch.float32,3,pass,False,True,False,False,False,False
target_inverse_transform,regression,TabICLv2 Recipe,medium,10000,100,8000,hard_outlier,7.819355,7.913266,1.5642264242289932,,cpu,,torch.float32,3,pass,False,True,False,False,False,False
model_output_inverse_mapping,regression,TabICLv2 Recipe,medium,10000,100,8000,hard_outlier,9.194976,10.6589,0.7104775230819522,,cpu,,torch.float32,3,pass,False,True,False,False,False,False
output_transform,regression,TabICLv2 Recipe,medium,10000,100,8000,hard_outlier,0.01748,0.035751,0.009148266878971606,,cpu,,torch.float32,3,pass,False,True,False,False,False,False
total_recipe_overhead,regression,TabICLv2 Recipe,medium,10000,100,8000,hard_outlier,53.654726,54.858665,1.0965619599251524,,cpu,,torch.float32,3,pass,False,True,False,False,False,False
fit,regression,StandardScale,medium,10000,100,8000,hard_outlier,2.550441,2.592131,0.02235775828556067,,cpu,,torch.float32,3,pass,False,True,False,False,False,False
fit_transform,regression,StandardScale,medium,10000,100,8000,hard_outlier,2.852995,2.875946,0.013247216822999236,,cpu,,torch.float32,3,pass,False,True,False,False,False,False
transform,regression,StandardScale,medium,10000,100,8000,hard_outlier,0.334295,0.338636,0.007422676980413173,,cpu,,torch.float32,3,pass,False,True,False,False,False,False
inverse_transform,regression,StandardScale,medium,10000,100,8000,hard_outlier,0.303865,0.333735,0.016990009423841473,,cpu,,torch.float32,3,pass,False,True,False,False,False,False
transform,regression,HardClip,medium,10000,100,8000,hard_outlier,0.151942,0.160262,0.004158656300083258,,cpu,,torch.float32,3,pass,False,True,False,False,False,False
fit,regression,Power,medium,10000,100,8000,hard_outlier,2658.576809,2671.674251,177.8495081654973,,cpu,,torch.float32,3,pass,False,True,False,False,False,False
fit_transform,regression,Power,medium,10000,100,8000,hard_outlier,2623.229053,2928.413811,197.65071985566183,,cpu,,torch.float32,3,pass,False,True,False,False,False,False
transform,regression,Power,medium,10000,100,8000,hard_outlier,54.588742,61.872969,5.4961917419364905,,cpu,,torch.float32,3,pass,False,True,False,False,False,False
inverse_transform,regression,Power,medium,10000,100,8000,hard_outlier,67.161263,68.570345,1.6985497498224769,,cpu,,torch.float32,3,pass,False,True,False,False,False,False
fit,regression,SigmaClip,medium,10000,100,8000,hard_outlier,9.699895,11.325741,0.7709844917183631,,cpu,,torch.float32,3,pass,False,True,False,False,False,False
fit_transform,regression,SigmaClip,medium,10000,100,8000,hard_outlier,12.069803,12.309556,0.3381672503484369,,cpu,,torch.float32,3,pass,False,True,False,False,False,False
transform,regression,SigmaClip,medium,10000,100,8000,hard_outlier,2.189715,2.601232,0.244386900661408,,cpu,,torch.float32,3,pass,False,True,False,False,False,False
fit,regression,FeaturePermute,medium,10000,100,8000,hard_outlier,0.078671,0.114052,0.01704582432412375,,cpu,,torch.float32,3,pass,False,True,False,False,False,False
fit_transform,regression,FeaturePermute,medium,10000,100,8000,hard_outlier,0.921334,0.990155,0.03293881499926121,,cpu,,torch.float32,3,pass,False,True,False,False,False,False
transform,regression,FeaturePermute,medium,10000,100,8000,hard_outlier,0.967456,0.980896,0.009774969406033413,,cpu,,torch.float32,3,pass,False,True,False,False,False,False
inverse_transform,regression,FeaturePermute,medium,10000,100,8000,hard_outlier,0.892194,0.930485,0.1204908762530268,,cpu,,torch.float32,3,pass,False,True,False,False,False,False
transform,regression,SoftmaxTemperature,medium,10000,100,8000,hard_outlier,0.572739,0.573059,0.014732441911192669,,cpu,,torch.float32,3,pass,False,True,False,False,False,False
feature_fit,regression,TabICLv2 Recipe,medium,10000,100,8000,sigma_outlier,31.730047,34.059503,1.1269190789100856,,cpu,,torch.float32,3,pass,False,False,True,False,False,False
feature_transform,regression,TabICLv2 Recipe,medium,10000,100,8000,sigma_outlier,15.554358,15.781292,0.31484398940568803,,cpu,,torch.float32,3,pass,False,False,True,False,False,False
feature_fit_transform,regression,TabICLv2 Recipe,medium,10000,100,8000,sigma_outlier,34.569312,35.373744,1.9825240563553201,,cpu,,torch.float32,3,pass,False,False,True,False,False,False
target_fit,regression,TabICLv2 Recipe,medium,10000,100,8000,sigma_outlier,0.681501,0.692991,0.03449582932600534,,cpu,,torch.float32,3,pass,False,False,True,False,False,False
target_transform,regression,TabICLv2 Recipe,medium,10000,100,8000,sigma_outlier,0.254624,0.257684,0.02385798436582606,,cpu,,torch.float32,3,pass,False,False,True,False,False,False
target_fit_transform,regression,TabICLv2 Recipe,medium,10000,100,8000,sigma_outlier,0.502698,0.545869,0.03183802825064534,,cpu,,torch.float32,3,pass,False,False,True,False,False,False
target_inverse_transform,regression,TabICLv2 Recipe,medium,10000,100,8000,sigma_outlier,7.065843,7.865906,1.5424029140546325,,cpu,,torch.float32,3,pass,False,False,True,False,False,False
model_output_inverse_mapping,regression,TabICLv2 Recipe,medium,10000,100,8000,sigma_outlier,9.797917,10.109361,0.561425191259411,,cpu,,torch.float32,3,pass,False,False,True,False,False,False
output_transform,regression,TabICLv2 Recipe,medium,10000,100,8000,sigma_outlier,0.01872,0.01898,0.000594100627466051,,cpu,,torch.float32,3,pass,False,False,True,False,False,False
total_recipe_overhead,regression,TabICLv2 Recipe,medium,10000,100,8000,sigma_outlier,63.445663,63.637305,0.829752093058457,,cpu,,torch.float32,3,pass,False,False,True,False,False,False
fit,regression,StandardScale,medium,10000,100,8000,sigma_outlier,2.606632,2.701013,0.05828900527734398,,cpu,,torch.float32,3,pass,False,False,True,False,False,False
fit_transform,regression,StandardScale,medium,10000,100,8000,sigma_outlier,2.929007,2.953597,0.01679590095496182,,cpu,,torch.float32,3,pass,False,False,True,False,False,False
transform,regression,StandardScale,medium,10000,100,8000,sigma_outlier,0.405546,0.409747,0.010121517903292302,,cpu,,torch.float32,3,pass,False,False,True,False,False,False
inverse_transform,regression,StandardScale,medium,10000,100,8000,sigma_outlier,0.328965,0.339196,0.024181403189687364,,cpu,,torch.float32,3,pass,False,False,True,False,False,False
transform,regression,HardClip,medium,10000,100,8000,sigma_outlier,0.161193,0.202463,0.020679564636509048,,cpu,,torch.float32,3,pass,False,False,True,False,False,False
fit,regression,Power,medium,10000,100,8000,sigma_outlier,2573.234979,2784.43318,204.37582186767852,,cpu,,torch.float32,3,pass,False,False,True,False,False,False
fit_transform,regression,Power,medium,10000,100,8000,sigma_outlier,2737.905106,2919.931323,136.51064040679483,,cpu,,torch.float32,3,pass,False,False,True,False,False,False
transform,regression,Power,medium,10000,100,8000,sigma_outlier,55.412075,82.155842,12.70288661539361,,cpu,,torch.float32,3,pass,False,False,True,False,False,False
inverse_transform,regression,Power,medium,10000,100,8000,sigma_outlier,57.527548,59.50416,2.7507082583747207,,cpu,,torch.float32,3,pass,False,False,True,False,False,False
fit,regression,SigmaClip,medium,10000,100,8000,sigma_outlier,8.591267,9.013394,0.9448512192496529,,cpu,,torch.float32,3,pass,False,False,True,False,False,False
fit_transform,regression,SigmaClip,medium,10000,100,8000,sigma_outlier,8.75547,10.347836,1.240619566249326,,cpu,,torch.float32,3,pass,False,False,True,False,False,False
transform,regression,SigmaClip,medium,10000,100,8000,sigma_outlier,1.778729,1.832769,0.07161630678522565,,cpu,,torch.float32,3,pass,False,False,True,False,False,False
fit,regression,FeaturePermute,medium,10000,100,8000,sigma_outlier,0.057531,0.060711,0.001968863180168246,,cpu,,torch.float32,3,pass,False,False,True,False,False,False
fit_transform,regression,FeaturePermute,medium,10000,100,8000,sigma_outlier,0.525928,0.569909,0.02223195988261544,,cpu,,torch.float32,3,pass,False,False,True,False,False,False
transform,regression,FeaturePermute,medium,10000,100,8000,sigma_outlier,0.535408,0.541549,0.008194889477934137,,cpu,,torch.float32,3,pass,False,False,True,False,False,False
inverse_transform,regression,FeaturePermute,medium,10000,100,8000,sigma_outlier,0.552208,0.572009,0.012276446291804285,,cpu,,torch.float32,3,pass,False,False,True,False,False,False
transform,regression,SoftmaxTemperature,medium,10000,100,8000,sigma_outlier,0.539109,0.567139,0.01529405331057355,,cpu,,torch.float32,3,pass,False,False,True,False,False,False
feature_fit,regression,TabICLv2 Recipe,medium,10000,100,8000,categorical,43.553656,46.803577,1.7212762530616619,,cpu,,torch.float32,3,pass,False,False,False,True,False,False
feature_transform,regression,TabICLv2 Recipe,medium,10000,100,8000,categorical,21.9013,22.023452,1.09043983366876,,cpu,,torch.float32,3,pass,False,False,False,True,False,False
feature_fit_transform,regression,TabICLv2 Recipe,medium,10000,100,8000,categorical,43.152309,44.385829,0.9253524858363732,,cpu,,torch.float32,3,pass,False,False,False,True,False,False
target_fit,regression,TabICLv2 Recipe,medium,10000,100,8000,categorical,0.62444,0.700651,0.037544233440924946,,cpu,,torch.float32,3,pass,False,False,False,True,False,False
target_transform,regression,TabICLv2 Recipe,medium,10000,100,8000,categorical,0.270494,0.285605,0.04003162547286832,,cpu,,torch.float32,3,pass,False,False,False,True,False,False
target_fit_transform,regression,TabICLv2 Recipe,medium,10000,100,8000,categorical,0.498168,0.511968,0.016558830883314866,,cpu,,torch.float32,3,pass,False,False,False,True,False,False
target_inverse_transform,regression,TabICLv2 Recipe,medium,10000,100,8000,categorical,7.089313,8.906992,2.0322496945527035,,cpu,,torch.float32,3,pass,False,False,False,True,False,False
model_output_inverse_mapping,regression,TabICLv2 Recipe,medium,10000,100,8000,categorical,9.916948,12.138913,1.2447555686506848,,cpu,,torch.float32,3,pass,False,False,False,True,False,False
output_transform,regression,TabICLv2 Recipe,medium,10000,100,8000,categorical,0.01541,0.016,0.00031633315770982124,,cpu,,torch.float32,3,pass,False,False,False,True,False,False
total_recipe_overhead,regression,TabICLv2 Recipe,medium,10000,100,8000,categorical,83.641096,85.79159,1.6442608804901433,,cpu,,torch.float32,3,pass,False,False,False,True,False,False
fit,regression,StandardScale,medium,10000,100,8000,categorical,2.292616,2.314577,0.010639014062506901,,cpu,,torch.float32,3,pass,False,False,False,True,False,False
fit_transform,regression,StandardScale,medium,10000,100,8000,categorical,2.630872,2.638442,0.006485328741774741,,cpu,,torch.float32,3,pass,False,False,False,True,False,False
transform,regression,StandardScale,medium,10000,100,8000,categorical,0.342416,0.353965,0.009150281246436569,,cpu,,torch.float32,3,pass,False,False,False,True,False,False
inverse_transform,regression,StandardScale,medium,10000,100,8000,categorical,0.300025,0.314495,0.008093472966944834,,cpu,,torch.float32,3,pass,False,False,False,True,False,False
transform,regression,HardClip,medium,10000,100,8000,categorical,0.208003,0.219134,0.0104174797655991,,cpu,,torch.float32,3,pass,False,False,False,True,False,False
fit,regression,Power,medium,10000,100,8000,categorical,2086.886545,2627.807535,270.58445804429766,,cpu,,torch.float32,3,pass,False,False,False,True,False,False
fit_transform,regression,Power,medium,10000,100,8000,categorical,2095.712715,2450.110897,205.90124954028292,,cpu,,torch.float32,3,pass,False,False,False,True,False,False
transform,regression,Power,medium,10000,100,8000,categorical,44.106334,47.911876,1.9640206935390363,,cpu,,torch.float32,3,pass,False,False,False,True,False,False
inverse_transform,regression,Power,medium,10000,100,8000,categorical,60.489576,63.84097,8.063196731524013,,cpu,,torch.float32,3,pass,False,False,False,True,False,False
fit,regression,SigmaClip,medium,10000,100,8000,categorical,9.842307,11.366332,1.0422537908866323,,cpu,,torch.float32,3,pass,False,False,False,True,False,False
fit_transform,regression,SigmaClip,medium,10000,100,8000,categorical,10.051671,10.489007,0.24423955515163143,,cpu,,torch.float32,3,pass,False,False,False,True,False,False
transform,regression,SigmaClip,medium,10000,100,8000,categorical,1.566685,1.647316,0.039520911598235606,,cpu,,torch.float32,3,pass,False,False,False,True,False,False
fit,regression,FeaturePermute,medium,10000,100,8000,categorical,0.058832,0.059181,0.0030747390494515487,,cpu,,torch.float32,3,pass,False,False,False,True,False,False
fit_transform,regression,FeaturePermute,medium,10000,100,8000,categorical,0.754812,0.779753,0.014601387384613682,,cpu,,torch.float32,3,pass,False,False,False,True,False,False
transform,regression,FeaturePermute,medium,10000,100,8000,categorical,0.685271,0.794803,0.0519022737331099,,cpu,,torch.float32,3,pass,False,False,False,True,False,False
inverse_transform,regression,FeaturePermute,medium,10000,100,8000,categorical,0.808613,0.913714,0.093884243686929,,cpu,,torch.float32,3,pass,False,False,False,True,False,False
transform,regression,SoftmaxTemperature,medium,10000,100,8000,categorical,0.820353,2.333087,0.7889863290898433,,cpu,,torch.float32,3,pass,False,False,False,True,False,False
fit,regression,CategoricalAlign,medium,10000,100,8000,categorical,5.421086,6.038637,0.5736478764610063,,cpu,,torch.float32,3,pass,False,False,False,True,False,False
fit_transform,regression,CategoricalAlign,medium,10000,100,8000,categorical,11.805429,11.980411,0.5512596481769929,,cpu,,torch.float32,3,pass,False,False,False,True,False,False
transform,regression,CategoricalAlign,medium,10000,100,8000,categorical,5.485107,6.26687,0.5774863166207681,,cpu,,torch.float32,3,pass,False,False,False,True,False,False
feature_fit,regression,TabICLv2 Recipe,medium,10000,100,8000,missing,24.007803,32.488819,5.8393941241401635,,cpu,,torch.float32,3,pass,False,False,False,False,True,False
feature_transform,regression,TabICLv2 Recipe,medium,10000,100,8000,missing,5.115592,5.472768,0.21371191876137083,,cpu,,torch.float32,3,pass,False,False,False,False,True,False
feature_fit_transform,regression,TabICLv2 Recipe,medium,10000,100,8000,missing,16.29926,17.5171,0.6709052761795479,,cpu,,torch.float32,3,pass,False,False,False,False,True,False
target_fit,regression,TabICLv2 Recipe,medium,10000,100,8000,missing,0.61427,0.646741,0.016005166047942842,,cpu,,torch.float32,3,pass,False,False,False,False,True,False
target_transform,regression,TabICLv2 Recipe,medium,10000,100,8000,missing,0.279874,0.304605,0.015509798845317833,,cpu,,torch.float32,3,pass,False,False,False,False,True,False
target_fit_transform,regression,TabICLv2 Recipe,medium,10000,100,8000,missing,0.476947,0.506518,0.014943921625716445,,cpu,,torch.float32,3,pass,False,False,False,False,True,False
target_inverse_transform,regression,TabICLv2 Recipe,medium,10000,100,8000,missing,8.464605,9.229608,1.9105945868003735,,cpu,,torch.float32,3,pass,False,False,False,False,True,False
model_output_inverse_mapping,regression,TabICLv2 Recipe,medium,10000,100,8000,missing,10.403856,11.549155,0.5757887036082677,,cpu,,torch.float32,3,pass,False,False,False,False,True,False
output_transform,regression,TabICLv2 Recipe,medium,10000,100,8000,missing,0.01773,0.022031,0.0029696775358053038,,cpu,,torch.float32,3,pass,False,False,False,False,True,False
total_recipe_overhead,regression,TabICLv2 Recipe,medium,10000,100,8000,missing,62.056051,89.098863,14.178549837030678,,cpu,,torch.float32,3,pass,False,False,False,False,True,False
feature_fit,regression,TabICLv2 Recipe,medium,10000,100,8000,unknown_category,45.882733,47.476278,0.8890118354631475,,cpu,,torch.float32,3,pass,False,False,False,False,False,True
feature_transform,regression,TabICLv2 Recipe,medium,10000,100,8000,unknown_category,26.357911,30.900294,2.6528371871655105,,cpu,,torch.float32,3,pass,False,False,False,False,False,True
feature_fit_transform,regression,TabICLv2 Recipe,medium,10000,100,8000,unknown_category,47.790294,50.472616,2.236801866745963,,cpu,,torch.float32,3,pass,False,False,False,False,False,True
target_fit,regression,TabICLv2 Recipe,medium,10000,100,8000,unknown_category,0.659901,0.672731,0.027586827013389322,,cpu,,torch.float32,3,pass,False,False,False,False,False,True
target_transform,regression,TabICLv2 Recipe,medium,10000,100,8000,unknown_category,0.277644,0.278074,0.03892709553625711,,cpu,,torch.float32,3,pass,False,False,False,False,False,True
target_fit_transform,regression,TabICLv2 Recipe,medium,10000,100,8000,unknown_category,0.467028,0.525368,0.029739874695245222,,cpu,,torch.float32,3,pass,False,False,False,False,False,True
target_inverse_transform,regression,TabICLv2 Recipe,medium,10000,100,8000,unknown_category,7.570421,8.75876,1.5852556757516718,,cpu,,torch.float32,3,pass,False,False,False,False,False,True
model_output_inverse_mapping,regression,TabICLv2 Recipe,medium,10000,100,8000,unknown_category,14.303389,14.932798,0.9011509045648237,,cpu,,torch.float32,3,pass,False,False,False,False,False,True
output_transform,regression,TabICLv2 Recipe,medium,10000,100,8000,unknown_category,0.01876,0.02037,0.0008687283170755331,,cpu,,torch.float32,3,pass,False,False,False,False,False,True
total_recipe_overhead,regression,TabICLv2 Recipe,medium,10000,100,8000,unknown_category,131.445339,137.404754,13.17226037229653,,cpu,,torch.float32,3,pass,False,False,False,False,False,True
feature_fit,regression,TabICLv2 Recipe,medium,10000,100,8000,constant+hard_outlier+categorical+missing+unknown_category,34.656754,37.126653,1.717587792141253,,cpu,,torch.float32,3,pass,True,True,False,True,True,True
feature_transform,regression,TabICLv2 Recipe,medium,10000,100,8000,constant+hard_outlier+categorical+missing+unknown_category,10.841663,12.049072,0.7459545672601131,,cpu,,torch.float32,3,pass,True,True,False,True,True,True
feature_fit_transform,regression,TabICLv2 Recipe,medium,10000,100,8000,constant+hard_outlier+categorical+missing+unknown_category,31.987951,33.100799,0.5322997166077282,,cpu,,torch.float32,3,pass,True,True,False,True,True,True
target_fit,regression,TabICLv2 Recipe,medium,10000,100,8000,constant+hard_outlier+categorical+missing+unknown_category,0.63694,0.65468,0.03236291643567095,,cpu,,torch.float32,3,pass,True,True,False,True,True,True
target_transform,regression,TabICLv2 Recipe,medium,10000,100,8000,constant+hard_outlier+categorical+missing+unknown_category,0.309735,0.319165,0.01745048175711936,,cpu,,torch.float32,3,pass,True,True,False,True,True,True
target_fit_transform,regression,TabICLv2 Recipe,medium,10000,100,8000,constant+hard_outlier+categorical+missing+unknown_category,0.628519,0.652371,0.03131056017810392,,cpu,,torch.float32,3,pass,True,True,False,True,True,True
target_inverse_transform,regression,TabICLv2 Recipe,medium,10000,100,8000,constant+hard_outlier+categorical+missing+unknown_category,6.116568,8.084859,1.8169247602401029,,cpu,,torch.float32,3,pass,True,True,False,True,True,True
model_output_inverse_mapping,regression,TabICLv2 Recipe,medium,10000,100,8000,constant+hard_outlier+categorical+missing+unknown_category,10.148962,12.596361,1.3773672310537473,,cpu,,torch.float32,3,pass,True,True,False,True,True,True
output_transform,regression,TabICLv2 Recipe,medium,10000,100,8000,constant+hard_outlier+categorical+missing+unknown_category,0.02195,0.03902,0.009842359823177004,,cpu,,torch.float32,3,pass,True,True,False,True,True,True
total_recipe_overhead,regression,TabICLv2 Recipe,medium,10000,100,8000,constant+hard_outlier+categorical+missing+unknown_category,68.925471,69.634612,3.2036928746777003,,cpu,,torch.float32,3,pass,True,True,False,True,True,True
feature_fit,regression,TabICLv2 Recipe,medium,10000,100,8000,constant+hard_outlier+sigma_outlier+categorical+missing+unknown_category,39.772835,43.182999,1.7665565592968344,,cpu,,torch.float32,3,pass,True,True,True,True,True,True
feature_transform,regression,TabICLv2 Recipe,medium,10000,100,8000,constant+hard_outlier+sigma_outlier+categorical+missing+unknown_category,19.007373,21.061947,1.8344148401742597,,cpu,,torch.float32,3,pass,True,True,True,True,True,True
feature_fit_transform,regression,TabICLv2 Recipe,medium,10000,100,8000,constant+hard_outlier+sigma_outlier+categorical+missing+unknown_category,39.325168,40.498987,1.1166669560199618,,cpu,,torch.float32,3,pass,True,True,True,True,True,True
target_fit,regression,TabICLv2 Recipe,medium,10000,100,8000,constant+hard_outlier+sigma_outlier+categorical+missing+unknown_category,0.64168,0.65547,0.019577499846053444,,cpu,,torch.float32,3,pass,True,True,True,True,True,True
target_transform,regression,TabICLv2 Recipe,medium,10000,100,8000,constant+hard_outlier+sigma_outlier+categorical+missing+unknown_category,0.196293,0.199614,0.0019389757318978816,,cpu,,torch.float32,3,pass,True,True,True,True,True,True
target_fit_transform,regression,TabICLv2 Recipe,medium,10000,100,8000,constant+hard_outlier+sigma_outlier+categorical+missing+unknown_category,0.61294,0.672001,0.039142715516427805,,cpu,,torch.float32,3,pass,True,True,True,True,True,True
target_inverse_transform,regression,TabICLv2 Recipe,medium,10000,100,8000,constant+hard_outlier+sigma_outlier+categorical+missing+unknown_category,6.447413,8.75441,1.626682602177887,,cpu,,torch.float32,3,pass,True,True,True,True,True,True
model_output_inverse_mapping,regression,TabICLv2 Recipe,medium,10000,100,8000,constant+hard_outlier+sigma_outlier+categorical+missing+unknown_category,13.515066,14.764956,1.2283559793121859,,cpu,,torch.float32,3,pass,True,True,True,True,True,True
output_transform,regression,TabICLv2 Recipe,medium,10000,100,8000,constant+hard_outlier+sigma_outlier+categorical+missing+unknown_category,0.02284,0.02551,0.0016879593860306265,,cpu,,torch.float32,3,pass,True,True,True,True,True,True
total_recipe_overhead,regression,TabICLv2 Recipe,medium,10000,100,8000,constant+hard_outlier+sigma_outlier+categorical+missing+unknown_category,114.128833,146.066793,18.68935762664422,,cpu,,torch.float32,3,pass,True,True,True,True,True,True
total_recipe_overhead,regression,TabICLv2 Recipe,medium,10000,100,8000,missing+unknown_category,63.211089,75.940722,6.140740567729719,,cpu,,torch.float32,3,pass,False,False,False,False,True,True
total_recipe_overhead,regression,TabICLv2 Recipe,medium,10000,100,8000,categorical+unknown_category,156.598201,163.864876,18.13498642103244,,cpu,,torch.float32,3,pass,False,False,False,True,False,True
total_recipe_overhead,regression,TabICLv2 Recipe,medium,10000,100,8000,categorical+missing,84.387348,92.766471,4.557207276596267,,cpu,,torch.float32,3,pass,False,False,False,True,True,False
total_recipe_overhead,regression,TabICLv2 Recipe,medium,10000,100,8000,categorical+missing+unknown_category,101.188585,106.517881,6.219180183669731,,cpu,,torch.float32,3,pass,False,False,False,True,True,True
total_recipe_overhead,regression,TabICLv2 Recipe,medium,10000,100,8000,sigma_outlier+unknown_category,83.32608,84.067013,1.3839525865607623,,cpu,,torch.float32,3,pass,False,False,True,False,False,True
total_recipe_overhead,regression,TabICLv2 Recipe,medium,10000,100,8000,sigma_outlier+missing,68.018357,69.615462,1.891968680777953,,cpu,,torch.float32,3,pass,False,False,True,False,True,False
total_recipe_overhead,regression,TabICLv2 Recipe,medium,10000,100,8000,sigma_outlier+missing+unknown_category,69.611612,161.470629,44.630071675920284,,cpu,,torch.float32,3,pass,False,False,True,False,True,True
total_recipe_overhead,regression,TabICLv2 Recipe,medium,10000,100,8000,sigma_outlier+categorical,85.19349,86.220937,2.4674036842358573,,cpu,,torch.float32,3,pass,False,False,True,True,False,False
total_recipe_overhead,regression,TabICLv2 Recipe,medium,10000,100,8000,sigma_outlier+categorical+unknown_category,117.270913,130.149889,17.343564629886064,,cpu,,torch.float32,3,pass,False,False,True,True,False,True
total_recipe_overhead,regression,TabICLv2 Recipe,medium,10000,100,8000,sigma_outlier+categorical+missing,99.234215,126.135754,12.939138096681258,,cpu,,torch.float32,3,pass,False,False,True,True,True,False
total_recipe_overhead,regression,TabICLv2 Recipe,medium,10000,100,8000,sigma_outlier+categorical+missing+unknown_category,76.325248,80.054219,3.1925132306702637,,cpu,,torch.float32,3,pass,False,False,True,True,True,True
total_recipe_overhead,regression,TabICLv2 Recipe,medium,10000,100,8000,hard_outlier+unknown_category,86.153796,87.311735,1.1034529199575707,,cpu,,torch.float32,3,pass,False,True,False,False,False,True
total_recipe_overhead,regression,TabICLv2 Recipe,medium,10000,100,8000,hard_outlier+missing,68.752498,82.439626,9.71710701417733,,cpu,,torch.float32,3,pass,False,True,False,False,True,False
total_recipe_overhead,regression,TabICLv2 Recipe,medium,10000,100,8000,hard_outlier+missing+unknown_category,92.6797,107.421735,9.204047775157271,,cpu,,torch.float32,3,pass,False,True,False,False,True,True
total_recipe_overhead,regression,TabICLv2 Recipe,medium,10000,100,8000,hard_outlier+categorical,82.915004,84.122193,1.608952876904931,,cpu,,torch.float32,3,pass,False,True,False,True,False,False
total_recipe_overhead,regression,TabICLv2 Recipe,medium,10000,100,8000,hard_outlier+categorical+unknown_category,85.361573,88.408502,1.7693493953106025,,cpu,,torch.float32,3,pass,False,True,False,True,False,True
total_recipe_overhead,regression,TabICLv2 Recipe,medium,10000,100,8000,hard_outlier+categorical+missing,69.892376,72.281384,3.0772379150336886,,cpu,,torch.float32,3,pass,False,True,False,True,True,False
total_recipe_overhead,regression,TabICLv2 Recipe,medium,10000,100,8000,hard_outlier+categorical+missing+unknown_category,77.04061,105.313762,13.64229633528953,,cpu,,torch.float32,3,pass,False,True,False,True,True,True
total_recipe_overhead,regression,TabICLv2 Recipe,medium,10000,100,8000,hard_outlier+sigma_outlier,65.407214,74.184684,6.045677178045227,,cpu,,torch.float32,3,pass,False,True,True,False,False,False
total_recipe_overhead,regression,TabICLv2 Recipe,medium,10000,100,8000,hard_outlier+sigma_outlier+unknown_category,105.292612,111.578242,5.972492442913765,,cpu,,torch.float32,3,pass,False,True,True,False,False,True
total_recipe_overhead,regression,TabICLv2 Recipe,medium,10000,100,8000,hard_outlier+sigma_outlier+missing,79.841265,88.419532,5.664787381386427,,cpu,,torch.float32,3,pass,False,True,True,False,True,False
total_recipe_overhead,regression,TabICLv2 Recipe,medium,10000,100,8000,hard_outlier+sigma_outlier+missing+unknown_category,75.655671,76.773429,1.6065912592087639,,cpu,,torch.float32,3,pass,False,True,True,False,True,True
total_recipe_overhead,regression,TabICLv2 Recipe,medium,10000,100,8000,hard_outlier+sigma_outlier+categorical,131.339632,167.977059,23.138374827380627,,cpu,,torch.float32,3,pass,False,True,True,True,False,False
total_recipe_overhead,regression,TabICLv2 Recipe,medium,10000,100,8000,hard_outlier+sigma_outlier+categorical+unknown_category,81.778709,84.807878,2.847095090193862,,cpu,,torch.float32,3,pass,False,True,True,True,False,True
total_recipe_overhead,regression,TabICLv2 Recipe,medium,10000,100,8000,hard_outlier+sigma_outlier+categorical+missing,86.276271,90.754713,2.7393740604804027,,cpu,,torch.float32,3,pass,False,True,True,True,True,False
total_recipe_overhead,regression,TabICLv2 Recipe,medium,10000,100,8000,hard_outlier+sigma_outlier+categorical+missing+unknown_category,69.95259,72.197206,1.7187157790171894,,cpu,,torch.float32,3,pass,False,True,True,True,True,True
total_recipe_overhead,regression,TabICLv2 Recipe,medium,10000,100,8000,constant+unknown_category,93.382824,95.833984,7.364399631781854,,cpu,,torch.float32,3,pass,True,False,False,False,False,True
total_recipe_overhead,regression,TabICLv2 Recipe,medium,10000,100,8000,constant+missing,70.423157,80.656371,4.8342951011941935,,cpu,,torch.float32,3,pass,True,False,False,False,True,False
total_recipe_overhead,regression,TabICLv2 Recipe,medium,10000,100,8000,constant+missing+unknown_category,89.890159,145.940616,27.685039106582327,,cpu,,torch.float32,3,pass,True,False,False,False,True,True
total_recipe_overhead,regression,TabICLv2 Recipe,medium,10000,100,8000,constant+categorical,93.957664,94.465553,7.657568788901906,,cpu,,torch.float32,3,pass,True,False,False,True,False,False
total_recipe_overhead,regression,TabICLv2 Recipe,medium,10000,100,8000,constant+categorical+unknown_category,84.917189,86.623797,2.0438102587771882,,cpu,,torch.float32,3,pass,True,False,False,True,False,True
total_recipe_overhead,regression,TabICLv2 Recipe,medium,10000,100,8000,constant+categorical+missing,83.131901,101.356412,8.644019670134972,,cpu,,torch.float32,3,pass,True,False,False,True,True,False
total_recipe_overhead,regression,TabICLv2 Recipe,medium,10000,100,8000,constant+categorical+missing+unknown_category,84.664145,90.156533,7.996999275956632,,cpu,,torch.float32,3,pass,True,False,False,True,True,True
total_recipe_overhead,regression,TabICLv2 Recipe,medium,10000,100,8000,constant+sigma_outlier,61.25765,62.687673,0.8773373943230466,,cpu,,torch.float32,3,pass,True,False,True,False,False,False
total_recipe_overhead,regression,TabICLv2 Recipe,medium,10000,100,8000,constant+sigma_outlier+unknown_category,82.557631,83.309373,1.6690360772616282,,cpu,,torch.float32,3,pass,True,False,True,False,False,True
total_recipe_overhead,regression,TabICLv2 Recipe,medium,10000,100,8000,constant+sigma_outlier+missing,54.976749,62.437149,3.6548983637707657,,cpu,,torch.float32,3,pass,True,False,True,False,True,False
total_recipe_overhead,regression,TabICLv2 Recipe,medium,10000,100,8000,constant+sigma_outlier+missing+unknown_category,119.237859,175.56144,27.05327157797774,,cpu,,torch.float32,3,pass,True,False,True,False,True,True
total_recipe_overhead,regression,TabICLv2 Recipe,medium,10000,100,8000,constant+sigma_outlier+categorical,84.35075,88.426375,4.54193983828547,,cpu,,torch.float32,3,pass,True,False,True,True,False,False
total_recipe_overhead,regression,TabICLv2 Recipe,medium,10000,100,8000,constant+sigma_outlier+categorical+unknown_category,87.964888,99.222308,6.331311601986921,,cpu,,torch.float32,3,pass,True,False,True,True,False,True
total_recipe_overhead,regression,TabICLv2 Recipe,medium,10000,100,8000,constant+sigma_outlier+categorical+missing,79.091726,82.274147,2.205843920321701,,cpu,,torch.float32,3,pass,True,False,True,True,True,False
total_recipe_overhead,regression,TabICLv2 Recipe,medium,10000,100,8000,constant+sigma_outlier+categorical+missing+unknown_category,74.800477,76.924402,1.0365377130341187,,cpu,,torch.float32,3,pass,True,False,True,True,True,True
total_recipe_overhead,regression,TabICLv2 Recipe,medium,10000,100,8000,constant+hard_outlier,84.98745,232.43547,70.89780930902027,,cpu,,torch.float32,3,pass,True,True,False,False,False,False
total_recipe_overhead,regression,TabICLv2 Recipe,medium,10000,100,8000,constant+hard_outlier+unknown_category,75.500069,80.528709,2.7959749198694364,,cpu,,torch.float32,3,pass,True,True,False,False,False,True
total_recipe_overhead,regression,TabICLv2 Recipe,medium,10000,100,8000,constant+hard_outlier+missing,62.974148,64.3483,0.8665652540431593,,cpu,,torch.float32,3,pass,True,True,False,False,True,False
total_recipe_overhead,regression,TabICLv2 Recipe,medium,10000,100,8000,constant+hard_outlier+missing+unknown_category,64.98047,65.688661,0.962828589991314,,cpu,,torch.float32,3,pass,True,True,False,False,True,True
total_recipe_overhead,regression,TabICLv2 Recipe,medium,10000,100,8000,constant+hard_outlier+categorical,86.314951,92.229216,6.2736857135534505,,cpu,,torch.float32,3,pass,True,True,False,True,False,False
total_recipe_overhead,regression,TabICLv2 Recipe,medium,10000,100,8000,constant+hard_outlier+categorical+unknown_category,82.890417,107.706784,12.773337175076117,,cpu,,torch.float32,3,pass,True,True,False,True,False,True
total_recipe_overhead,regression,TabICLv2 Recipe,medium,10000,100,8000,constant+hard_outlier+categorical+missing,87.937658,92.070893,2.6997402551949725,,cpu,,torch.float32,3,pass,True,True,False,True,True,False
total_recipe_overhead,regression,TabICLv2 Recipe,medium,10000,100,8000,constant+hard_outlier+sigma_outlier,81.120319,81.929162,3.6048104746310274,,cpu,,torch.float32,3,pass,True,True,True,False,False,False
total_recipe_overhead,regression,TabICLv2 Recipe,medium,10000,100,8000,constant+hard_outlier+sigma_outlier+unknown_category,82.164075,85.720632,2.136300674010147,,cpu,,torch.float32,3,pass,True,True,True,False,False,True
total_recipe_overhead,regression,TabICLv2 Recipe,medium,10000,100,8000,constant+hard_outlier+sigma_outlier+missing,53.203011,61.287701,4.877936794778869,,cpu,,torch.float32,3,pass,True,True,True,False,True,False
total_recipe_overhead,regression,TabICLv2 Recipe,medium,10000,100,8000,constant+hard_outlier+sigma_outlier+missing+unknown_category,97.233596,125.544219,13.53638776660925,,cpu,,torch.float32,3,pass,True,True,True,False,True,True
total_recipe_overhead,regression,TabICLv2 Recipe,medium,10000,100,8000,constant+hard_outlier+sigma_outlier+categorical,98.420689,104.109875,4.26241342736048,,cpu,,torch.float32,3,pass,True,True,True,True,False,False
total_recipe_overhead,regression,TabICLv2 Recipe,medium,10000,100,8000,constant+hard_outlier+sigma_outlier+categorical+unknown_category,81.675884,85.394478,1.9150571853507579,,cpu,,torch.float32,3,pass,True,True,True,True,False,True
total_recipe_overhead,regression,TabICLv2 Recipe,medium,10000,100,8000,constant+hard_outlier+sigma_outlier+categorical+missing,69.751932,73.015337,2.7242626100669263,,cpu,,torch.float32,3,pass,True,True,True,True,True,False
feature_fit,classification,TabICLv2 Recipe,large,50000,100,40000,baseline,225.150246,281.142876,46.73513603945989,,cpu,,torch.float32,3,pass,False,False,False,False,False,False
feature_transform,classification,TabICLv2 Recipe,large,50000,100,40000,baseline,63.043839,66.307664,1.543703214034429,,cpu,,torch.float32,3,pass,False,False,False,False,False,False
feature_fit_transform,classification,TabICLv2 Recipe,large,50000,100,40000,baseline,186.723505,210.154642,17.25170150007638,,cpu,,torch.float32,3,pass,False,False,False,False,False,False
target_fit,classification,TabICLv2 Recipe,large,50000,100,40000,baseline,5.30691,5.395371,0.13978172822972568,,cpu,,torch.float32,3,pass,False,False,False,False,False,False
target_transform,classification,TabICLv2 Recipe,large,50000,100,40000,baseline,2.278089,2.290299,0.011875477066440621,,cpu,,torch.float32,3,pass,False,False,False,False,False,False
target_fit_transform,classification,TabICLv2 Recipe,large,50000,100,40000,baseline,5.587835,6.343557,0.37201180841831705,,cpu,,torch.float32,3,pass,False,False,False,False,False,False
model_output_inverse_mapping,classification,TabICLv2 Recipe,large,50000,100,40000,baseline,0.156003,0.156862,0.0010282629365423398,,cpu,,torch.float32,3,pass,False,False,False,False,False,False
output_transform,classification,TabICLv2 Recipe,large,50000,100,40000,baseline,0.413787,0.418677,0.0033455476216740637,,cpu,,torch.float32,3,pass,False,False,False,False,False,False
total_recipe_overhead,classification,TabICLv2 Recipe,large,50000,100,40000,baseline,244.597452,351.846728,52.85547811230175,,cpu,,torch.float32,3,pass,False,False,False,False,False,False
fit,classification,StandardScale,large,50000,100,40000,baseline,12.796914,12.948777,0.07337260372615613,,cpu,,torch.float32,3,pass,False,False,False,False,False,False
fit_transform,classification,StandardScale,large,50000,100,40000,baseline,14.133576,14.275108,0.21804743440973254,,cpu,,torch.float32,3,pass,False,False,False,False,False,False
transform,classification,StandardScale,large,50000,100,40000,baseline,2.107084,2.299247,0.13531986883512537,,cpu,,torch.float32,3,pass,False,False,False,False,False,False
inverse_transform,classification,StandardScale,large,50000,100,40000,baseline,1.842029,2.026282,0.09704726438299144,,cpu,,torch.float32,3,pass,False,False,False,False,False,False
transform,classification,HardClip,large,50000,100,40000,baseline,1.26141,2.259996,0.5446241907378785,,cpu,,torch.float32,3,pass,False,False,False,False,False,False
fit,classification,Power,large,50000,100,40000,baseline,5910.952498,5995.339209,60.99522683294453,,cpu,,torch.float32,3,pass,False,False,False,False,False,False
fit_transform,classification,Power,large,50000,100,40000,baseline,6095.323773,6099.010527,55.270148955786205,,cpu,,torch.float32,3,pass,False,False,False,False,False,False
transform,classification,Power,large,50000,100,40000,baseline,141.216183,161.478879,11.555860083028701,,cpu,,torch.float32,3,pass,False,False,False,False,False,False
inverse_transform,classification,Power,large,50000,100,40000,baseline,160.905311,218.70921,32.19971344077537,,cpu,,torch.float32,3,pass,False,False,False,False,False,False
fit,classification,SigmaClip,large,50000,100,40000,baseline,66.594872,81.423941,10.05515349718929,,cpu,,torch.float32,3,pass,False,False,False,False,False,False
fit_transform,classification,SigmaClip,large,50000,100,40000,baseline,62.431285,64.225364,4.063207041436139,,cpu,,torch.float32,3,pass,False,False,False,False,False,False
transform,classification,SigmaClip,large,50000,100,40000,baseline,11.982252,12.700715,0.36134912028335636,,cpu,,torch.float32,3,pass,False,False,False,False,False,False
fit,classification,FeaturePermute,large,50000,100,40000,baseline,0.075651,0.089461,0.006789496790386359,,cpu,,torch.float32,3,pass,False,False,False,False,False,False
fit_transform,classification,FeaturePermute,large,50000,100,40000,baseline,2.614532,2.665673,0.07641933251184248,,cpu,,torch.float32,3,pass,False,False,False,False,False,False
transform,classification,FeaturePermute,large,50000,100,40000,baseline,3.160881,3.6979,0.26840499295033,,cpu,,torch.float32,3,pass,False,False,False,False,False,False
inverse_transform,classification,FeaturePermute,large,50000,100,40000,baseline,3.172441,3.367795,0.11354233359412698,,cpu,,torch.float32,3,pass,False,False,False,False,False,False
transform,classification,SoftmaxTemperature,large,50000,100,40000,baseline,2.640222,2.718404,0.06934389231616261,,cpu,,torch.float32,3,pass,False,False,False,False,False,False
fit,classification,ClassShuffle,large,50000,100,40000,baseline,0.083571,0.097182,0.008532401654868342,,cpu,,torch.float32,3,pass,False,False,False,False,False,False
fit_transform,classification,ClassShuffle,large,50000,100,40000,baseline,1.045286,1.100208,0.04817491962514202,,cpu,,torch.float32,3,pass,False,False,False,False,False,False
transform,classification,ClassShuffle,large,50000,100,40000,baseline,0.992405,1.362022,0.18578665282701737,,cpu,,torch.float32,3,pass,False,False,False,False,False,False
feature_fit,classification,TabICLv2 Recipe,large,50000,100,40000,constant,171.741695,175.539426,2.025416978315053,,cpu,,torch.float32,3,pass,True,False,False,False,False,False
feature_transform,classification,TabICLv2 Recipe,large,50000,100,40000,constant,76.351015,81.017815,2.8142123308222473,,cpu,,torch.float32,3,pass,True,False,False,False,False,False
feature_fit_transform,classification,TabICLv2 Recipe,large,50000,100,40000,constant,167.73916,169.886965,1.4150198115476063,,cpu,,torch.float32,3,pass,True,False,False,False,False,False
target_fit,classification,TabICLv2 Recipe,large,50000,100,40000,constant,5.310054,5.591179,0.23852169946708568,,cpu,,torch.float32,3,pass,True,False,False,False,False,False
target_transform,classification,TabICLv2 Recipe,large,50000,100,40000,constant,1.791938,2.157445,0.1960059933885243,,cpu,,torch.float32,3,pass,True,False,False,False,False,False
target_fit_transform,classification,TabICLv2 Recipe,large,50000,100,40000,constant,5.111822,5.566689,0.36044335836701014,,cpu,,torch.float32,3,pass,True,False,False,False,False,False
model_output_inverse_mapping,classification,TabICLv2 Recipe,large,50000,100,40000,constant,0.128322,0.132602,0.0030759172073816683,,cpu,,torch.float32,3,pass,True,False,False,False,False,False
output_transform,classification,TabICLv2 Recipe,large,50000,100,40000,constant,0.443927,0.448727,0.002726022743852286,,cpu,,torch.float32,3,pass,True,False,False,False,False,False
total_recipe_overhead,classification,TabICLv2 Recipe,large,50000,100,40000,constant,299.950884,459.148018,84.45312620680706,,cpu,,torch.float32,3,pass,True,False,False,False,False,False
feature_fit,classification,TabICLv2 Recipe,large,50000,100,40000,hard_outlier,196.537318,214.875511,21.667869151151013,,cpu,,torch.float32,3,pass,False,True,False,False,False,False
feature_transform,classification,TabICLv2 Recipe,large,50000,100,40000,hard_outlier,71.248864,75.945719,5.04239720439464,,cpu,,torch.float32,3,pass,False,True,False,False,False,False
feature_fit_transform,classification,TabICLv2 Recipe,large,50000,100,40000,hard_outlier,164.442198,171.903296,4.69463040892759,,cpu,,torch.float32,3,pass,False,True,False,False,False,False
target_fit,classification,TabICLv2 Recipe,large,50000,100,40000,hard_outlier,6.074587,6.151238,0.7460835542515778,,cpu,,torch.float32,3,pass,False,True,False,False,False,False
target_transform,classification,TabICLv2 Recipe,large,50000,100,40000,hard_outlier,2.328897,2.466269,0.3017495988446196,,cpu,,torch.float32,3,pass,False,True,False,False,False,False
target_fit_transform,classification,TabICLv2 Recipe,large,50000,100,40000,hard_outlier,5.865154,5.983806,0.7935821591068358,,cpu,,torch.float32,3,pass,False,True,False,False,False,False
model_output_inverse_mapping,classification,TabICLv2 Recipe,large,50000,100,40000,hard_outlier,0.179363,0.206823,0.03255727937377787,,cpu,,torch.float32,3,pass,False,True,False,False,False,False
output_transform,classification,TabICLv2 Recipe,large,50000,100,40000,hard_outlier,0.441987,0.467597,0.027556807874320674,,cpu,,torch.float32,3,pass,False,True,False,False,False,False
total_recipe_overhead,classification,TabICLv2 Recipe,large,50000,100,40000,hard_outlier,231.936702,288.714915,27.127707483994698,,cpu,,torch.float32,3,pass,False,True,False,False,False,False
fit,classification,StandardScale,large,50000,100,40000,hard_outlier,21.111646,24.177845,2.6505031825373586,,cpu,,torch.float32,3,pass,False,True,False,False,False,False
fit_transform,classification,StandardScale,large,50000,100,40000,hard_outlier,20.495326,23.210739,2.470820565393745,,cpu,,torch.float32,3,pass,False,True,False,False,False,False
transform,classification,StandardScale,large,50000,100,40000,hard_outlier,2.087163,2.336418,0.14467859832592922,,cpu,,torch.float32,3,pass,False,True,False,False,False,False
inverse_transform,classification,StandardScale,large,50000,100,40000,hard_outlier,8.820381,15.75289,4.435428952111021,,cpu,,torch.float32,3,pass,False,True,False,False,False,False
transform,classification,HardClip,large,50000,100,40000,hard_outlier,1.337361,2.039043,0.3536198880552707,,cpu,,torch.float32,3,pass,False,True,False,False,False,False
fit,classification,Power,large,50000,100,40000,hard_outlier,5907.951812,5967.905576,56.12526924145598,,cpu,,torch.float32,3,pass,False,True,False,False,False,False
fit_transform,classification,Power,large,50000,100,40000,hard_outlier,6064.83551,6222.879217,123.97169483241959,,cpu,,torch.float32,3,pass,False,True,False,False,False,False
transform,classification,Power,large,50000,100,40000,hard_outlier,134.130655,138.364083,2.321415264475864,,cpu,,torch.float32,3,pass,False,True,False,False,False,False
inverse_transform,classification,Power,large,50000,100,40000,hard_outlier,169.549251,485.568155,156.1586333435355,,cpu,,torch.float32,3,pass,False,True,False,False,False,False
fit,classification,SigmaClip,large,50000,100,40000,hard_outlier,95.925474,110.66672,13.693525462922132,,cpu,,torch.float32,3,pass,False,True,False,False,False,False
fit_transform,classification,SigmaClip,large,50000,100,40000,hard_outlier,128.095639,151.27348,31.93449702752586,,cpu,,torch.float32,3,pass,False,True,False,False,False,False
transform,classification,SigmaClip,large,50000,100,40000,hard_outlier,14.523462,14.788956,1.7353486530170246,,cpu,,torch.float32,3,pass,False,True,False,False,False,False
fit,classification,FeaturePermute,large,50000,100,40000,hard_outlier,0.053021,0.062561,0.006100278682158713,,cpu,,torch.float32,3,pass,False,True,False,False,False,False
fit_transform,classification,FeaturePermute,large,50000,100,40000,hard_outlier,1.978882,2.055363,0.06348665901326556,,cpu,,torch.float32,3,pass,False,True,False,False,False,False
transform,classification,FeaturePermute,large,50000,100,40000,hard_outlier,2.306037,2.375268,0.049783204559592543,,cpu,,torch.float32,3,pass,False,True,False,False,False,False
inverse_transform,classification,FeaturePermute,large,50000,100,40000,hard_outlier,2.393969,2.956738,0.2723722261420125,,cpu,,torch.float32,3,pass,False,True,False,False,False,False
transform,classification,SoftmaxTemperature,large,50000,100,40000,hard_outlier,5.432337,5.483588,0.807972398399984,,cpu,,torch.float32,3,pass,False,True,False,False,False,False
fit,classification,ClassShuffle,large,50000,100,40000,hard_outlier,0.086322,0.095762,0.00742822007990848,,cpu,,torch.float32,3,pass,False,True,False,False,False,False
fit_transform,classification,ClassShuffle,large,50000,100,40000,hard_outlier,1.030146,3.8073,1.3098611866365417,,cpu,,torch.float32,3,pass,False,True,False,False,False,False
transform,classification,ClassShuffle,large,50000,100,40000,hard_outlier,0.964646,1.033686,0.03846346792303928,,cpu,,torch.float32,3,pass,False,True,False,False,False,False
feature_fit,classification,TabICLv2 Recipe,large,50000,100,40000,sigma_outlier,174.780955,174.868607,0.5209318087250517,,cpu,,torch.float32,3,pass,False,False,True,False,False,False
feature_transform,classification,TabICLv2 Recipe,large,50000,100,40000,sigma_outlier,74.669828,85.645515,6.601991455454047,,cpu,,torch.float32,3,pass,False,False,True,False,False,False
feature_fit_transform,classification,TabICLv2 Recipe,large,50000,100,40000,sigma_outlier,178.994552,180.554728,0.9043768552103928,,cpu,,torch.float32,3,pass,False,False,True,False,False,False
target_fit,classification,TabICLv2 Recipe,large,50000,100,40000,sigma_outlier,5.130592,5.60803,0.39173006259668175,,cpu,,torch.float32,3,pass,False,False,True,False,False,False
target_transform,classification,TabICLv2 Recipe,large,50000,100,40000,sigma_outlier,2.070143,2.203616,0.08991664726969198,,cpu,,torch.float32,3,pass,False,False,True,False,False,False
target_fit_transform,classification,TabICLv2 Recipe,large,50000,100,40000,sigma_outlier,4.701285,5.512279,0.44940589668979164,,cpu,,torch.float32,3,pass,False,False,True,False,False,False
model_output_inverse_mapping,classification,TabICLv2 Recipe,large,50000,100,40000,sigma_outlier,0.154553,0.182803,0.023805068792637885,,cpu,,torch.float32,3,pass,False,False,True,False,False,False
output_transform,classification,TabICLv2 Recipe,large,50000,100,40000,sigma_outlier,0.443537,0.460127,0.011469704742881951,,cpu,,torch.float32,3,pass,False,False,True,False,False,False
total_recipe_overhead,classification,TabICLv2 Recipe,large,50000,100,40000,sigma_outlier,413.335214,519.533408,98.73665313538373,,cpu,,torch.float32,3,pass,False,False,True,False,False,False
fit,classification,StandardScale,large,50000,100,40000,sigma_outlier,20.529799,20.687812,1.2183976174840825,,cpu,,torch.float32,3,pass,False,False,True,False,False,False
fit_transform,classification,StandardScale,large,50000,100,40000,sigma_outlier,17.200796,21.740149,2.5238107024057,,cpu,,torch.float32,3,pass,False,False,True,False,False,False
transform,classification,StandardScale,large,50000,100,40000,sigma_outlier,2.149165,2.277117,0.12167222965273,,cpu,,torch.float32,3,pass,False,False,True,False,False,False
inverse_transform,classification,StandardScale,large,50000,100,40000,sigma_outlier,1.915581,2.012362,0.051584353835893534,,cpu,,torch.float32,3,pass,False,False,True,False,False,False
transform,classification,HardClip,large,50000,100,40000,sigma_outlier,1.197849,1.2466,0.06357655517737827,,cpu,,torch.float32,3,pass,False,False,True,False,False,False
fit,classification,Power,large,50000,100,40000,sigma_outlier,5867.598413,5984.446794,59.98664244737626,,cpu,,torch.float32,3,pass,False,False,True,False,False,False
fit_transform,classification,Power,large,50000,100,40000,sigma_outlier,5981.492334,6307.864867,171.55497346043626,,cpu,,torch.float32,3,pass,False,False,True,False,False,False
transform,classification,Power,large,50000,100,40000,sigma_outlier,134.353206,136.41478,3.651464739964805,,cpu,,torch.float32,3,pass,False,False,True,False,False,False
inverse_transform,classification,Power,large,50000,100,40000,sigma_outlier,183.964849,206.693742,27.22709004615252,,cpu,,torch.float32,3,pass,False,False,True,False,False,False
fit,classification,SigmaClip,large,50000,100,40000,sigma_outlier,50.312894,51.218289,1.9602741067667604,,cpu,,torch.float32,3,pass,False,False,True,False,False,False
fit_transform,classification,SigmaClip,large,50000,100,40000,sigma_outlier,82.6079,99.46882,8.570000116220454,,cpu,,torch.float32,3,pass,False,False,True,False,False,False
transform,classification,SigmaClip,large,50000,100,40000,sigma_outlier,14.104845,14.829716,0.3539003616653828,,cpu,,torch.float32,3,pass,False,False,True,False,False,False
fit,classification,FeaturePermute,large,50000,100,40000,sigma_outlier,0.051651,0.063851,0.006236229647970178,,cpu,,torch.float32,3,pass,False,False,True,False,False,False
fit_transform,classification,FeaturePermute,large,50000,100,40000,sigma_outlier,1.970552,2.176805,0.10566806809060147,,cpu,,torch.float32,3,pass,False,False,True,False,False,False
transform,classification,FeaturePermute,large,50000,100,40000,sigma_outlier,3.653168,3.657739,0.01596067932973618,,cpu,,torch.float32,3,pass,False,False,True,False,False,False
inverse_transform,classification,FeaturePermute,large,50000,100,40000,sigma_outlier,3.635748,3.666489,0.017688098528546026,,cpu,,torch.float32,3,pass,False,False,True,False,False,False
transform,classification,SoftmaxTemperature,large,50000,100,40000,sigma_outlier,2.753734,3.308133,0.3108856170709021,,cpu,,torch.float32,3,pass,False,False,True,False,False,False
fit,classification,ClassShuffle,large,50000,100,40000,sigma_outlier,0.085811,0.098432,0.006585606038087076,,cpu,,torch.float32,3,pass,False,False,True,False,False,False
fit_transform,classification,ClassShuffle,large,50000,100,40000,sigma_outlier,1.039877,1.071207,0.015529941689809729,,cpu,,torch.float32,3,pass,False,False,True,False,False,False
transform,classification,ClassShuffle,large,50000,100,40000,sigma_outlier,0.948496,0.952495,0.0042877217726900296,,cpu,,torch.float32,3,pass,False,False,True,False,False,False
feature_fit,classification,TabICLv2 Recipe,large,50000,100,40000,categorical,175.27252,176.176895,0.6113456364503596,,cpu,,torch.float32,3,pass,False,False,False,True,False,False
feature_transform,classification,TabICLv2 Recipe,large,50000,100,40000,categorical,84.188135,86.607984,4.846047106944683,,cpu,,torch.float32,3,pass,False,False,False,True,False,False
feature_fit_transform,classification,TabICLv2 Recipe,large,50000,100,40000,categorical,175.8624,198.932928,11.640995545180182,,cpu,,torch.float32,3,pass,False,False,False,True,False,False
target_fit,classification,TabICLv2 Recipe,large,50000,100,40000,categorical,5.56696,5.61556,0.2991285091728974,,cpu,,torch.float32,3,pass,False,False,False,True,False,False
target_transform,classification,TabICLv2 Recipe,large,50000,100,40000,categorical,2.091323,2.164765,0.2353842164476341,,cpu,,torch.float32,3,pass,False,False,False,True,False,False
target_fit_transform,classification,TabICLv2 Recipe,large,50000,100,40000,categorical,4.712205,5.429966,0.4222733303497473,,cpu,,torch.float32,3,pass,False,False,False,True,False,False
model_output_inverse_mapping,classification,TabICLv2 Recipe,large,50000,100,40000,categorical,0.128291,0.157452,0.014027788302746334,,cpu,,torch.float32,3,pass,False,False,False,True,False,False
output_transform,classification,TabICLv2 Recipe,large,50000,100,40000,categorical,0.418517,0.436887,0.012268187324222855,,cpu,,torch.float32,3,pass,False,False,False,True,False,False
total_recipe_overhead,classification,TabICLv2 Recipe,large,50000,100,40000,categorical,308.491408,374.861328,39.13713206025889,,cpu,,torch.float32,3,pass,False,False,False,True,False,False
fit,classification,StandardScale,large,50000,100,40000,categorical,14.497482,16.167989,0.9092931535608665,,cpu,,torch.float32,3,pass,False,False,False,True,False,False
fit_transform,classification,StandardScale,large,50000,100,40000,categorical,20.120432,24.700755,3.9348971301798423,,cpu,,torch.float32,3,pass,False,False,False,True,False,False
transform,classification,StandardScale,large,50000,100,40000,categorical,2.146524,4.604894,1.1786257789053411,,cpu,,torch.float32,3,pass,False,False,False,True,False,False
inverse_transform,classification,StandardScale,large,50000,100,40000,categorical,2.336677,3.828602,0.8268565787649567,,cpu,,torch.float32,3,pass,False,False,False,True,False,False
transform,classification,HardClip,large,50000,100,40000,categorical,1.2552,2.440069,0.5642872432430922,,cpu,,torch.float32,3,pass,False,False,False,True,False,False
fit,classification,Power,large,50000,100,40000,categorical,5343.074752,5681.096562,210.61522654812484,,cpu,,torch.float32,3,pass,False,False,False,True,False,False
fit_transform,classification,Power,large,50000,100,40000,categorical,5408.570166,5895.800734,259.14751893691454,,cpu,,torch.float32,3,pass,False,False,False,True,False,False
transform,classification,Power,large,50000,100,40000,categorical,130.039706,142.358891,10.375222469375723,,cpu,,torch.float32,3,pass,False,False,False,True,False,False
inverse_transform,classification,Power,large,50000,100,40000,categorical,153.997937,224.956839,41.73626603123029,,cpu,,torch.float32,3,pass,False,False,False,True,False,False
fit,classification,SigmaClip,large,50000,100,40000,categorical,79.505499,105.889539,16.065507722222847,,cpu,,torch.float32,3,pass,False,False,False,True,False,False
fit_transform,classification,SigmaClip,large,50000,100,40000,categorical,73.005035,102.065328,13.707087038595427,,cpu,,torch.float32,3,pass,False,False,False,True,False,False
transform,classification,SigmaClip,large,50000,100,40000,categorical,8.929052,10.226083,0.6337340294671466,,cpu,,torch.float32,3,pass,False,False,False,True,False,False
fit,classification,FeaturePermute,large,50000,100,40000,categorical,0.064631,0.087351,0.010886453355738346,,cpu,,torch.float32,3,pass,False,False,False,True,False,False
fit_transform,classification,FeaturePermute,large,50000,100,40000,categorical,1.799649,1.942861,0.0690888013179817,,cpu,,torch.float32,3,pass,False,False,False,True,False,False
transform,classification,FeaturePermute,large,50000,100,40000,categorical,2.121464,2.193385,0.06295417023165005,,cpu,,torch.float32,3,pass,False,False,False,True,False,False
inverse_transform,classification,FeaturePermute,large,50000,100,40000,categorical,2.144184,2.151124,0.049306471930388736,,cpu,,torch.float32,3,pass,False,False,False,True,False,False
transform,classification,SoftmaxTemperature,large,50000,100,40000,categorical,2.357748,2.449839,0.05132428444703333,,cpu,,torch.float32,3,pass,False,False,False,True,False,False
fit,classification,CategoricalAlign,large,50000,100,40000,categorical,7.121123,7.831405,0.4558931178781566,,cpu,,torch.float32,3,pass,False,False,False,True,False,False
fit_transform,classification,CategoricalAlign,large,50000,100,40000,categorical,14.339558,17.852514,1.7734453183618475,,cpu,,torch.float32,3,pass,False,False,False,True,False,False
transform,classification,CategoricalAlign,large,50000,100,40000,categorical,8.300762,10.749682,1.2463641165873907,,cpu,,torch.float32,3,pass,False,False,False,True,False,False
fit,classification,ClassShuffle,large,50000,100,40000,categorical,0.072321,0.078571,0.0033777013880251,,cpu,,torch.float32,3,pass,False,False,False,True,False,False
fit_transform,classification,ClassShuffle,large,50000,100,40000,categorical,0.987055,1.045456,0.11513470737744064,,cpu,,torch.float32,3,pass,False,False,False,True,False,False
transform,classification,ClassShuffle,large,50000,100,40000,categorical,0.912705,0.942035,0.017812874563703108,,cpu,,torch.float32,3,pass,False,False,False,True,False,False
feature_fit,classification,TabICLv2 Recipe,large,50000,100,40000,missing,187.612004,194.107777,14.401345029006587,,cpu,,torch.float32,3,pass,False,False,False,False,True,False
feature_transform,classification,TabICLv2 Recipe,large,50000,100,40000,missing,68.503062,70.230551,4.121264874900452,,cpu,,torch.float32,3,pass,False,False,False,False,True,False
feature_fit_transform,classification,TabICLv2 Recipe,large,50000,100,40000,missing,159.711548,171.820632,6.534781081050546,,cpu,,torch.float32,3,pass,False,False,False,False,True,False
target_fit,classification,TabICLv2 Recipe,large,50000,100,40000,missing,4.760316,5.582039,0.42031407019539807,,cpu,,torch.float32,3,pass,False,False,False,False,True,False
target_transform,classification,TabICLv2 Recipe,large,50000,100,40000,missing,2.194055,2.223765,0.21251709463214696,,cpu,,torch.float32,3,pass,False,False,False,False,True,False
target_fit_transform,classification,TabICLv2 Recipe,large,50000,100,40000,missing,5.804822,5.835653,0.5068461655665903,,cpu,,torch.float32,3,pass,False,False,False,False,True,False
model_output_inverse_mapping,classification,TabICLv2 Recipe,large,50000,100,40000,missing,0.204163,0.209824,0.009355299401349423,,cpu,,torch.float32,3,pass,False,False,False,False,True,False
output_transform,classification,TabICLv2 Recipe,large,50000,100,40000,missing,0.483938,0.487427,0.015741368859014615,,cpu,,torch.float32,3,pass,False,False,False,False,True,False
total_recipe_overhead,classification,TabICLv2 Recipe,large,50000,100,40000,missing,294.158614,313.235309,29.613932972221683,,cpu,,torch.float32,3,pass,False,False,False,False,True,False
feature_fit,classification,TabICLv2 Recipe,large,50000,100,40000,unknown_category,172.122667,199.983991,13.413617623919468,,cpu,,torch.float32,3,pass,False,False,False,False,False,True
feature_transform,classification,TabICLv2 Recipe,large,50000,100,40000,unknown_category,71.250587,80.2562,5.097010610042129,,cpu,,torch.float32,3,pass,False,False,False,False,False,True
feature_fit_transform,classification,TabICLv2 Recipe,large,50000,100,40000,unknown_category,174.327562,199.832718,13.955330825556324,,cpu,,torch.float32,3,pass,False,False,False,False,False,True
target_fit,classification,TabICLv2 Recipe,large,50000,100,40000,unknown_category,5.411786,5.971515,0.638261192611266,,cpu,,torch.float32,3,pass,False,False,False,False,False,True
target_transform,classification,TabICLv2 Recipe,large,50000,100,40000,unknown_category,2.359458,2.387618,0.08321967428839572,,cpu,,torch.float32,3,pass,False,False,False,False,False,True
target_fit_transform,classification,TabICLv2 Recipe,large,50000,100,40000,unknown_category,5.200303,5.926725,0.6967941663104122,,cpu,,torch.float32,3,pass,False,False,False,False,False,True
model_output_inverse_mapping,classification,TabICLv2 Recipe,large,50000,100,40000,unknown_category,0.126731,0.177323,0.02450516259893005,,cpu,,torch.float32,3,pass,False,False,False,False,False,True
output_transform,classification,TabICLv2 Recipe,large,50000,100,40000,unknown_category,0.467767,0.470377,0.007643037499726279,,cpu,,torch.float32,3,pass,False,False,False,False,False,True
total_recipe_overhead,classification,TabICLv2 Recipe,large,50000,100,40000,unknown_category,316.433999,352.223381,43.650226679885925,,cpu,,torch.float32,3,pass,False,False,False,False,False,True
feature_fit,classification,TabICLv2 Recipe,large,50000,100,40000,constant+hard_outlier+categorical+missing+unknown_category,194.784578,194.958451,5.063884837696122,,cpu,,torch.float32,3,pass,True,True,False,True,True,True
feature_transform,classification,TabICLv2 Recipe,large,50000,100,40000,constant+hard_outlier+categorical+missing+unknown_category,83.468822,103.96138,10.672388952745974,,cpu,,torch.float32,3,pass,True,True,False,True,True,True
feature_fit_transform,classification,TabICLv2 Recipe,large,50000,100,40000,constant+hard_outlier+categorical+missing+unknown_category,193.828064,194.706688,1.9797329516675335,,cpu,,torch.float32,3,pass,True,True,False,True,True,True
target_fit,classification,TabICLv2 Recipe,large,50000,100,40000,constant+hard_outlier+categorical+missing+unknown_category,5.63448,5.641,0.01343731454652392,,cpu,,torch.float32,3,pass,True,True,False,True,True,True
target_transform,classification,TabICLv2 Recipe,large,50000,100,40000,constant+hard_outlier+categorical+missing+unknown_category,2.197945,2.320487,0.06131720955454153,,cpu,,torch.float32,3,pass,True,True,False,True,True,True
target_fit_transform,classification,TabICLv2 Recipe,large,50000,100,40000,constant+hard_outlier+categorical+missing+unknown_category,4.303149,4.458361,0.08132470511201112,,cpu,,torch.float32,3,pass,True,True,False,True,True,True
model_output_inverse_mapping,classification,TabICLv2 Recipe,large,50000,100,40000,constant+hard_outlier+categorical+missing+unknown_category,0.164483,0.183353,0.01793014464216306,,cpu,,torch.float32,3,pass,True,True,False,True,True,True
output_transform,classification,TabICLv2 Recipe,large,50000,100,40000,constant+hard_outlier+categorical+missing+unknown_category,0.465687,0.472007,0.008616655705989164,,cpu,,torch.float32,3,pass,True,True,False,True,True,True
total_recipe_overhead,classification,TabICLv2 Recipe,large,50000,100,40000,constant+hard_outlier+categorical+missing+unknown_category,309.757296,389.122683,45.202229400608935,,cpu,,torch.float32,3,pass,True,True,False,True,True,True
feature_fit,classification,TabICLv2 Recipe,large,50000,100,40000,constant+hard_outlier+sigma_outlier+categorical+missing+unknown_category,191.185042,194.204211,1.775371309321139,,cpu,,torch.float32,3,pass,True,True,True,True,True,True
feature_transform,classification,TabICLv2 Recipe,large,50000,100,40000,constant+hard_outlier+sigma_outlier+categorical+missing+unknown_category,76.828527,107.470945,14.598828227464342,,cpu,,torch.float32,3,pass,True,True,True,True,True,True
feature_fit_transform,classification,TabICLv2 Recipe,large,50000,100,40000,constant+hard_outlier+sigma_outlier+categorical+missing+unknown_category,187.244059,213.470478,12.379652104360803,,cpu,,torch.float32,3,pass,True,True,True,True,True,True
target_fit,classification,TabICLv2 Recipe,large,50000,100,40000,constant+hard_outlier+sigma_outlier+categorical+missing+unknown_category,4.535303,5.257974,0.4034573393367218,,cpu,,torch.float32,3,pass,True,True,True,True,True,True
target_transform,classification,TabICLv2 Recipe,large,50000,100,40000,constant+hard_outlier+sigma_outlier+categorical+missing+unknown_category,2.632732,2.643122,0.028118610804155175,,cpu,,torch.float32,3,pass,True,True,True,True,True,True
target_fit_transform,classification,TabICLv2 Recipe,large,50000,100,40000,constant+hard_outlier+sigma_outlier+categorical+missing+unknown_category,6.683887,8.496716,0.8813202030114943,,cpu,,torch.float32,3,pass,True,True,True,True,True,True
model_output_inverse_mapping,classification,TabICLv2 Recipe,large,50000,100,40000,constant+hard_outlier+sigma_outlier+categorical+missing+unknown_category,0.200993,0.206323,0.0331621775554957,,cpu,,torch.float32,3,pass,True,True,True,True,True,True
output_transform,classification,TabICLv2 Recipe,large,50000,100,40000,constant+hard_outlier+sigma_outlier+categorical+missing+unknown_category,0.484808,0.487938,0.018648281606863645,,cpu,,torch.float32,3,pass,True,True,True,True,True,True
total_recipe_overhead,classification,TabICLv2 Recipe,large,50000,100,40000,constant+hard_outlier+sigma_outlier+categorical+missing+unknown_category,323.262871,402.967403,38.66462507487769,,cpu,,torch.float32,3,pass,True,True,True,True,True,True
total_recipe_overhead,classification,TabICLv2 Recipe,large,50000,100,40000,missing+unknown_category,264.890069,289.765186,13.694389501906073,,cpu,,torch.float32,3,pass,False,False,False,False,True,True
total_recipe_overhead,classification,TabICLv2 Recipe,large,50000,100,40000,categorical+unknown_category,284.671975,322.973766,20.201680176807812,,cpu,,torch.float32,3,pass,False,False,False,True,False,True
total_recipe_overhead,classification,TabICLv2 Recipe,large,50000,100,40000,categorical+missing,281.816719,308.84329,17.163953058393254,,cpu,,torch.float32,3,pass,False,False,False,True,True,False
total_recipe_overhead,classification,TabICLv2 Recipe,large,50000,100,40000,categorical+missing+unknown_category,343.130638,343.663627,29.080917720235693,,cpu,,torch.float32,3,pass,False,False,False,True,True,True
total_recipe_overhead,classification,TabICLv2 Recipe,large,50000,100,40000,sigma_outlier+unknown_category,286.967241,405.195849,58.81886431814574,,cpu,,torch.float32,3,pass,False,False,True,False,False,True
total_recipe_overhead,classification,TabICLv2 Recipe,large,50000,100,40000,sigma_outlier+missing,244.179078,272.462689,37.41986315463897,,cpu,,torch.float32,3,pass,False,False,True,False,True,False
total_recipe_overhead,classification,TabICLv2 Recipe,large,50000,100,40000,sigma_outlier+missing+unknown_category,293.116759,309.723675,14.415829125054858,,cpu,,torch.float32,3,pass,False,False,True,False,True,True
total_recipe_overhead,classification,TabICLv2 Recipe,large,50000,100,40000,sigma_outlier+categorical,298.497315,371.921988,41.44741527767272,,cpu,,torch.float32,3,pass,False,False,True,True,False,False
total_recipe_overhead,classification,TabICLv2 Recipe,large,50000,100,40000,sigma_outlier+categorical+unknown_category,381.832596,444.343704,76.83418093333438,,cpu,,torch.float32,3,pass,False,False,True,True,False,True
total_recipe_overhead,classification,TabICLv2 Recipe,large,50000,100,40000,sigma_outlier+categorical+missing,277.069954,281.853539,2.372413295374296,,cpu,,torch.float32,3,pass,False,False,True,True,True,False
total_recipe_overhead,classification,TabICLv2 Recipe,large,50000,100,40000,sigma_outlier+categorical+missing+unknown_category,269.162827,383.96177,59.17030189932073,,cpu,,torch.float32,3,pass,False,False,True,True,True,True
total_recipe_overhead,classification,TabICLv2 Recipe,large,50000,100,40000,hard_outlier+unknown_category,317.905555,323.604337,9.942983506333228,,cpu,,torch.float32,3,pass,False,True,False,False,False,True
total_recipe_overhead,classification,TabICLv2 Recipe,large,50000,100,40000,hard_outlier+missing,234.512828,237.972863,1.6647418031206898,,cpu,,torch.float32,3,pass,False,True,False,False,True,False
total_recipe_overhead,classification,TabICLv2 Recipe,large,50000,100,40000,hard_outlier+missing+unknown_category,325.261174,349.816186,33.176352260078616,,cpu,,torch.float32,3,pass,False,True,False,False,True,True
total_recipe_overhead,classification,TabICLv2 Recipe,large,50000,100,40000,hard_outlier+categorical,273.450119,354.756814,42.03637653826942,,cpu,,torch.float32,3,pass,False,True,False,True,False,False
total_recipe_overhead,classification,TabICLv2 Recipe,large,50000,100,40000,hard_outlier+categorical+unknown_category,331.746528,373.892999,40.613950725844376,,cpu,,torch.float32,3,pass,False,True,False,True,False,True
total_recipe_overhead,classification,TabICLv2 Recipe,large,50000,100,40000,hard_outlier+categorical+missing,340.238333,370.080859,38.92830030064605,,cpu,,torch.float32,3,pass,False,True,False,True,True,False
total_recipe_overhead,classification,TabICLv2 Recipe,large,50000,100,40000,hard_outlier+categorical+missing+unknown_category,260.397801,309.054716,22.96512412520581,,cpu,,torch.float32,3,pass,False,True,False,True,True,True
total_recipe_overhead,classification,TabICLv2 Recipe,large,50000,100,40000,hard_outlier+sigma_outlier,248.45335,391.947387,71.77977891240151,,cpu,,torch.float32,3,pass,False,True,True,False,False,False
total_recipe_overhead,classification,TabICLv2 Recipe,large,50000,100,40000,hard_outlier+sigma_outlier+unknown_category,265.032915,320.617881,26.4411292278474,,cpu,,torch.float32,3,pass,False,True,True,False,False,True
total_recipe_overhead,classification,TabICLv2 Recipe,large,50000,100,40000,hard_outlier+sigma_outlier+missing,236.888706,237.300472,0.5468695517399307,,cpu,,torch.float32,3,pass,False,True,True,False,True,False
total_recipe_overhead,classification,TabICLv2 Recipe,large,50000,100,40000,hard_outlier+sigma_outlier+missing+unknown_category,275.656425,401.885232,64.48995906482622,,cpu,,torch.float32,3,pass,False,True,True,False,True,True
total_recipe_overhead,classification,TabICLv2 Recipe,large,50000,100,40000,hard_outlier+sigma_outlier+categorical,278.207516,280.709566,2.555797356734083,,cpu,,torch.float32,3,pass,False,True,True,True,False,False
total_recipe_overhead,classification,TabICLv2 Recipe,large,50000,100,40000,hard_outlier+sigma_outlier+categorical+unknown_category,267.17172,301.388256,21.363761947628372,,cpu,,torch.float32,3,pass,False,True,True,True,False,True
total_recipe_overhead,classification,TabICLv2 Recipe,large,50000,100,40000,hard_outlier+sigma_outlier+categorical+missing,357.555564,407.082996,38.63915606899025,,cpu,,torch.float32,3,pass,False,True,True,True,True,False
total_recipe_overhead,classification,TabICLv2 Recipe,large,50000,100,40000,hard_outlier+sigma_outlier+categorical+missing+unknown_category,293.565271,311.777812,19.955618911499965,,cpu,,torch.float32,3,pass,False,True,True,True,True,True
total_recipe_overhead,classification,TabICLv2 Recipe,large,50000,100,40000,constant+unknown_category,340.482451,482.342798,77.71272034187606,,cpu,,torch.float32,3,pass,True,False,False,False,False,True
total_recipe_overhead,classification,TabICLv2 Recipe,large,50000,100,40000,constant+missing,292.758508,328.374627,30.890072001266933,,cpu,,torch.float32,3,pass,True,False,False,False,True,False
total_recipe_overhead,classification,TabICLv2 Recipe,large,50000,100,40000,constant+missing+unknown_category,288.826445,317.628746,17.941232240214614,,cpu,,torch.float32,3,pass,True,False,False,False,True,True
total_recipe_overhead,classification,TabICLv2 Recipe,large,50000,100,40000,constant+categorical,284.166279,395.851483,54.56776088880439,,cpu,,torch.float32,3,pass,True,False,False,True,False,False
total_recipe_overhead,classification,TabICLv2 Recipe,large,50000,100,40000,constant+categorical+unknown_category,277.360031,287.031145,4.824269711210472,,cpu,,torch.float32,3,pass,True,False,False,True,False,True
total_recipe_overhead,classification,TabICLv2 Recipe,large,50000,100,40000,constant+categorical+missing,380.610389,383.074089,28.30759402176526,,cpu,,torch.float32,3,pass,True,False,False,True,True,False
total_recipe_overhead,classification,TabICLv2 Recipe,large,50000,100,40000,constant+categorical+missing+unknown_category,332.726795,469.031492,75.03515595833251,,cpu,,torch.float32,3,pass,True,False,False,True,True,True
total_recipe_overhead,classification,TabICLv2 Recipe,large,50000,100,40000,constant+sigma_outlier,293.422307,301.280102,15.144928347297869,,cpu,,torch.float32,3,pass,True,False,True,False,False,False
total_recipe_overhead,classification,TabICLv2 Recipe,large,50000,100,40000,constant+sigma_outlier+unknown_category,280.310728,284.152748,2.132858360192866,,cpu,,torch.float32,3,pass,True,False,True,False,False,True
total_recipe_overhead,classification,TabICLv2 Recipe,large,50000,100,40000,constant+sigma_outlier+missing,259.706769,272.94021,6.974105033569393,,cpu,,torch.float32,3,pass,True,False,True,False,True,False
total_recipe_overhead,classification,TabICLv2 Recipe,large,50000,100,40000,constant+sigma_outlier+missing+unknown_category,351.20794,384.127606,32.28808017071894,,cpu,,torch.float32,3,pass,True,False,True,False,True,True
total_recipe_overhead,classification,TabICLv2 Recipe,large,50000,100,40000,constant+sigma_outlier+categorical,371.594414,468.750025,65.22685915881246,,cpu,,torch.float32,3,pass,True,False,True,True,False,False
total_recipe_overhead,classification,TabICLv2 Recipe,large,50000,100,40000,constant+sigma_outlier+categorical+unknown_category,227.856928,237.553783,4.924694414342912,,cpu,,torch.float32,3,pass,True,False,True,True,False,True
total_recipe_overhead,classification,TabICLv2 Recipe,large,50000,100,40000,constant+sigma_outlier+categorical+missing,306.79903,386.38213,42.6859183266187,,cpu,,torch.float32,3,pass,True,False,True,True,True,False
total_recipe_overhead,classification,TabICLv2 Recipe,large,50000,100,40000,constant+sigma_outlier+categorical+missing+unknown_category,300.826564,519.399314,109.23339042148432,,cpu,,torch.float32,3,pass,True,False,True,True,True,True
total_recipe_overhead,classification,TabICLv2 Recipe,large,50000,100,40000,constant+hard_outlier,265.297057,304.570923,23.908515380443138,,cpu,,torch.float32,3,pass,True,True,False,False,False,False
total_recipe_overhead,classification,TabICLv2 Recipe,large,50000,100,40000,constant+hard_outlier+unknown_category,291.622257,303.281823,6.377212372535027,,cpu,,torch.float32,3,pass,True,True,False,False,False,True
total_recipe_overhead,classification,TabICLv2 Recipe,large,50000,100,40000,constant+hard_outlier+missing,257.081535,260.697072,5.168144359396595,,cpu,,torch.float32,3,pass,True,True,False,False,True,False
total_recipe_overhead,classification,TabICLv2 Recipe,large,50000,100,40000,constant+hard_outlier+missing+unknown_category,355.402895,420.517156,55.697860598156616,,cpu,,torch.float32,3,pass,True,True,False,False,True,True
total_recipe_overhead,classification,TabICLv2 Recipe,large,50000,100,40000,constant+hard_outlier+categorical,314.700726,560.599263,118.71042519307038,,cpu,,torch.float32,3,pass,True,True,False,True,False,False
total_recipe_overhead,classification,TabICLv2 Recipe,large,50000,100,40000,constant+hard_outlier+categorical+unknown_category,300.937276,326.500144,22.124113119658816,,cpu,,torch.float32,3,pass,True,True,False,True,False,True
total_recipe_overhead,classification,TabICLv2 Recipe,large,50000,100,40000,constant+hard_outlier+categorical+missing,303.03699,304.755338,1.7047072715459206,,cpu,,torch.float32,3,pass,True,True,False,True,True,False
total_recipe_overhead,classification,TabICLv2 Recipe,large,50000,100,40000,constant+hard_outlier+sigma_outlier,250.599863,262.778717,6.132843150531411,,cpu,,torch.float32,3,pass,True,True,True,False,False,False
total_recipe_overhead,classification,TabICLv2 Recipe,large,50000,100,40000,constant+hard_outlier+sigma_outlier+unknown_category,382.320477,410.908753,50.17573943579475,,cpu,,torch.float32,3,pass,True,True,True,False,False,True
total_recipe_overhead,classification,TabICLv2 Recipe,large,50000,100,40000,constant+hard_outlier+sigma_outlier+missing,256.283593,326.603396,36.45131121333349,,cpu,,torch.float32,3,pass,True,True,True,False,True,False
total_recipe_overhead,classification,TabICLv2 Recipe,large,50000,100,40000,constant+hard_outlier+sigma_outlier+missing+unknown_category,305.165614,315.545009,12.85701935542389,,cpu,,torch.float32,3,pass,True,True,True,False,True,True
total_recipe_overhead,classification,TabICLv2 Recipe,large,50000,100,40000,constant+hard_outlier+sigma_outlier+categorical,284.480863,294.973381,6.5210314992237,,cpu,,torch.float32,3,pass,True,True,True,True,False,False
total_recipe_overhead,classification,TabICLv2 Recipe,large,50000,100,40000,constant+hard_outlier+sigma_outlier+categorical+unknown_category,352.897016,489.237054,73.57601864395558,,cpu,,torch.float32,3,pass,True,True,True,True,False,True
total_recipe_overhead,classification,TabICLv2 Recipe,large,50000,100,40000,constant+hard_outlier+sigma_outlier+categorical+missing,368.794461,418.330032,53.68534596510187,,cpu,,torch.float32,3,pass,True,True,True,True,True,False
feature_fit,regression,TabICLv2 Recipe,large,50000,100,40000,baseline,126.452329,128.608434,1.6975013473598937,,cpu,,torch.float32,3,pass,False,False,False,False,False,False
feature_transform,regression,TabICLv2 Recipe,large,50000,100,40000,baseline,61.506853,65.453145,3.4208502993468706,,cpu,,torch.float32,3,pass,False,False,False,False,False,False
feature_fit_transform,regression,TabICLv2 Recipe,large,50000,100,40000,baseline,200.714216,259.072758,30.984198182934673,,cpu,,torch.float32,3,pass,False,False,False,False,False,False
target_fit,regression,TabICLv2 Recipe,large,50000,100,40000,baseline,0.58062,0.584809,0.02422298992004636,,cpu,,torch.float32,3,pass,False,False,False,False,False,False
target_transform,regression,TabICLv2 Recipe,large,50000,100,40000,baseline,0.216883,0.229223,0.006176081839555639,,cpu,,torch.float32,3,pass,False,False,False,False,False,False
target_fit_transform,regression,TabICLv2 Recipe,large,50000,100,40000,baseline,0.580099,0.58835,0.025521896799066947,,cpu,,torch.float32,3,pass,False,False,False,False,False,False
target_inverse_transform,regression,TabICLv2 Recipe,large,50000,100,40000,baseline,36.537143,38.420723,7.4896789248866265,,cpu,,torch.float32,3,pass,False,False,False,False,False,False
model_output_inverse_mapping,regression,TabICLv2 Recipe,large,50000,100,40000,baseline,43.354283,48.1689,3.8998923646137555,,cpu,,torch.float32,3,pass,False,False,False,False,False,False
output_transform,regression,TabICLv2 Recipe,large,50000,100,40000,baseline,0.02341,0.02559,0.0013030443839972096,,cpu,,torch.float32,3,pass,False,False,False,False,False,False
total_recipe_overhead,regression,TabICLv2 Recipe,large,50000,100,40000,baseline,363.609758,446.470541,42.828511723260185,,cpu,,torch.float32,3,pass,False,False,False,False,False,False
fit,regression,StandardScale,large,50000,100,40000,baseline,13.78118,16.86325,1.5514452116452226,,cpu,,torch.float32,3,pass,False,False,False,False,False,False
fit_transform,regression,StandardScale,large,50000,100,40000,baseline,16.376441,20.64376,2.298902431393004,,cpu,,torch.float32,3,pass,False,False,False,False,False,False
transform,regression,StandardScale,large,50000,100,40000,baseline,2.178645,4.089825,0.9632792321320383,,cpu,,torch.float32,3,pass,False,False,False,False,False,False
inverse_transform,regression,StandardScale,large,50000,100,40000,baseline,3.313364,4.789416,0.8834906817740386,,cpu,,torch.float32,3,pass,False,False,False,False,False,False
transform,regression,HardClip,large,50000,100,40000,baseline,1.085168,1.150099,0.07177676593593654,,cpu,,torch.float32,3,pass,False,False,False,False,False,False
fit,regression,Power,large,50000,100,40000,baseline,5825.12521,6220.537608,189.42781838006783,,cpu,,torch.float32,3,pass,False,False,False,False,False,False
fit_transform,regression,Power,large,50000,100,40000,baseline,6263.747069,6447.101169,111.67173861888794,,cpu,,torch.float32,3,pass,False,False,False,False,False,False
transform,regression,Power,large,50000,100,40000,baseline,135.644368,153.154528,9.192166003504846,,cpu,,torch.float32,3,pass,False,False,False,False,False,False
inverse_transform,regression,Power,large,50000,100,40000,baseline,218.969159,320.843487,62.00677446934801,,cpu,,torch.float32,3,pass,False,False,False,False,False,False
fit,regression,SigmaClip,large,50000,100,40000,baseline,64.429359,79.393548,7.903478214585874,,cpu,,torch.float32,3,pass,False,False,False,False,False,False
fit_transform,regression,SigmaClip,large,50000,100,40000,baseline,61.319949,61.738546,1.1054956478600713,,cpu,,torch.float32,3,pass,False,False,False,False,False,False
transform,regression,SigmaClip,large,50000,100,40000,baseline,10.830303,11.459153,0.5179347185590952,,cpu,,torch.float32,3,pass,False,False,False,False,False,False
fit,regression,FeaturePermute,large,50000,100,40000,baseline,0.053352,0.067141,0.0065994500275906864,,cpu,,torch.float32,3,pass,False,False,False,False,False,False
fit_transform,regression,FeaturePermute,large,50000,100,40000,baseline,1.972931,1.976341,0.014574114800639542,,cpu,,torch.float32,3,pass,False,False,False,False,False,False
transform,regression,FeaturePermute,large,50000,100,40000,baseline,2.434859,2.54154,0.07682072513036799,,cpu,,torch.float32,3,pass,False,False,False,False,False,False
inverse_transform,regression,FeaturePermute,large,50000,100,40000,baseline,2.429869,2.563861,0.08254602058784488,,cpu,,torch.float32,3,pass,False,False,False,False,False,False
transform,regression,SoftmaxTemperature,large,50000,100,40000,baseline,2.471169,2.521341,0.04779488913634549,,cpu,,torch.float32,3,pass,False,False,False,False,False,False
feature_fit,regression,TabICLv2 Recipe,large,50000,100,40000,constant,192.283401,207.344752,13.460140183067448,,cpu,,torch.float32,3,pass,True,False,False,False,False,False
feature_transform,regression,TabICLv2 Recipe,large,50000,100,40000,constant,80.230752,84.187835,5.059731060051469,,cpu,,torch.float32,3,pass,True,False,False,False,False,False
feature_fit_transform,regression,TabICLv2 Recipe,large,50000,100,40000,constant,174.066071,201.167233,13.802143896805951,,cpu,,torch.float32,3,pass,True,False,False,False,False,False
target_fit,regression,TabICLv2 Recipe,large,50000,100,40000,constant,0.695872,0.839563,0.07181668715556293,,cpu,,torch.float32,3,pass,True,False,False,False,False,False
target_transform,regression,TabICLv2 Recipe,large,50000,100,40000,constant,0.301615,0.371286,0.05535416999849444,,cpu,,torch.float32,3,pass,True,False,False,False,False,False
target_fit_transform,regression,TabICLv2 Recipe,large,50000,100,40000,constant,0.905904,0.909045,0.01253464852142075,,cpu,,torch.float32,3,pass,True,False,False,False,False,False
target_inverse_transform,regression,TabICLv2 Recipe,large,50000,100,40000,constant,40.097181,40.72038,3.3450501459783144,,cpu,,torch.float32,3,pass,True,False,False,False,False,False
model_output_inverse_mapping,regression,TabICLv2 Recipe,large,50000,100,40000,constant,47.772683,54.904547,3.961545525905768,,cpu,,torch.float32,3,pass,True,False,False,False,False,False
output_transform,regression,TabICLv2 Recipe,large,50000,100,40000,constant,0.031901,0.04725,0.008700889877861153,,cpu,,torch.float32,3,pass,True,False,False,False,False,False
total_recipe_overhead,regression,TabICLv2 Recipe,large,50000,100,40000,constant,368.365604,374.617923,3.9093900855547314,,cpu,,torch.float32,3,pass,True,False,False,False,False,False
feature_fit,regression,TabICLv2 Recipe,large,50000,100,40000,hard_outlier,164.888023,186.845694,10.686563102880001,,cpu,,torch.float32,3,pass,False,True,False,False,False,False
feature_transform,regression,TabICLv2 Recipe,large,50000,100,40000,hard_outlier,64.197495,77.340605,6.476827871686774,,cpu,,torch.float32,3,pass,False,True,False,False,False,False
feature_fit_transform,regression,TabICLv2 Recipe,large,50000,100,40000,hard_outlier,181.000841,196.542819,13.164081750888903,,cpu,,torch.float32,3,pass,False,True,False,False,False,False
target_fit,regression,TabICLv2 Recipe,large,50000,100,40000,hard_outlier,0.636101,0.6401,0.0076252475515371,,cpu,,torch.float32,3,pass,False,True,False,False,False,False
target_transform,regression,TabICLv2 Recipe,large,50000,100,40000,hard_outlier,0.230184,0.238244,0.003830770766656065,,cpu,,torch.float32,3,pass,False,True,False,False,False,False
target_fit_transform,regression,TabICLv2 Recipe,large,50000,100,40000,hard_outlier,0.61236,0.646591,0.0297347296869428,,cpu,,torch.float32,3,pass,False,True,False,False,False,False
target_inverse_transform,regression,TabICLv2 Recipe,large,50000,100,40000,hard_outlier,40.783682,60.265952,10.567292050401885,,cpu,,torch.float32,3,pass,False,True,False,False,False,False
model_output_inverse_mapping,regression,TabICLv2 Recipe,large,50000,100,40000,hard_outlier,70.527107,79.156425,9.750342821951145,,cpu,,torch.float32,3,pass,False,True,False,False,False,False
output_transform,regression,TabICLv2 Recipe,large,50000,100,40000,hard_outlier,0.025701,0.02712,0.0017439916539045955,,cpu,,torch.float32,3,pass,False,True,False,False,False,False
total_recipe_overhead,regression,TabICLv2 Recipe,large,50000,100,40000,hard_outlier,355.263945,401.612414,29.0014901418697,,cpu,,torch.float32,3,pass,False,True,False,False,False,False
fit,regression,StandardScale,large,50000,100,40000,hard_outlier,12.801885,12.882516,0.03898709414095362,,cpu,,torch.float32,3,pass,False,True,False,False,False,False
fit_transform,regression,StandardScale,large,50000,100,40000,hard_outlier,14.492472,15.324245,0.4249400387262495,,cpu,,torch.float32,3,pass,False,True,False,False,False,False
transform,regression,StandardScale,large,50000,100,40000,hard_outlier,2.078743,2.246386,0.13753324173449863,,cpu,,torch.float32,3,pass,False,True,False,False,False,False
inverse_transform,regression,StandardScale,large,50000,100,40000,hard_outlier,1.989922,2.087304,0.11221946101674567,,cpu,,torch.float32,3,pass,False,True,False,False,False,False
transform,regression,HardClip,large,50000,100,40000,hard_outlier,1.24217,1.24269,0.05693757658660543,,cpu,,torch.float32,3,pass,False,True,False,False,False,False
fit,regression,Power,large,50000,100,40000,hard_outlier,6056.498325,6104.625463,51.34343748904663,,cpu,,torch.float32,3,pass,False,True,False,False,False,False
fit_transform,regression,Power,large,50000,100,40000,hard_outlier,6545.169278,6664.892942,219.88261032993336,,cpu,,torch.float32,3,pass,False,True,False,False,False,False
transform,regression,Power,large,50000,100,40000,hard_outlier,143.660297,182.627677,20.75741971599232,,cpu,,torch.float32,3,pass,False,True,False,False,False,False
inverse_transform,regression,Power,large,50000,100,40000,hard_outlier,148.332941,168.873068,9.977128144092056,,cpu,,torch.float32,3,pass,False,True,False,False,False,False
fit,regression,SigmaClip,large,50000,100,40000,hard_outlier,54.416536,55.30399,2.4546472729376467,,cpu,,torch.float32,3,pass,False,True,False,False,False,False
fit_transform,regression,SigmaClip,large,50000,100,40000,hard_outlier,80.757675,98.372676,9.013621089543845,,cpu,,torch.float32,3,pass,False,True,False,False,False,False
transform,regression,SigmaClip,large,50000,100,40000,hard_outlier,11.230988,13.518755,1.14347024360827,,cpu,,torch.float32,3,pass,False,True,False,False,False,False
fit,regression,FeaturePermute,large,50000,100,40000,hard_outlier,0.054331,0.079851,0.012317795618083983,,cpu,,torch.float32,3,pass,False,True,False,False,False,False
fit_transform,regression,FeaturePermute,large,50000,100,40000,hard_outlier,1.993102,2.047553,0.03460042489462948,,cpu,,torch.float32,3,pass,False,True,False,False,False,False
transform,regression,FeaturePermute,large,50000,100,40000,hard_outlier,2.387947,2.396438,0.05381722197091437,,cpu,,torch.float32,3,pass,False,True,False,False,False,False
inverse_transform,regression,FeaturePermute,large,50000,100,40000,hard_outlier,2.354757,2.411719,0.03190930649338674,,cpu,,torch.float32,3,pass,False,True,False,False,False,False
transform,regression,SoftmaxTemperature,large,50000,100,40000,hard_outlier,2.49364,2.49854,0.023476944439646003,,cpu,,torch.float32,3,pass,False,True,False,False,False,False
feature_fit,regression,TabICLv2 Recipe,large,50000,100,40000,sigma_outlier,187.221491,218.153373,21.592727926286724,,cpu,,torch.float32,3,pass,False,False,True,False,False,False
feature_transform,regression,TabICLv2 Recipe,large,50000,100,40000,sigma_outlier,73.389008,81.740801,7.4947258154038945,,cpu,,torch.float32,3,pass,False,False,True,False,False,False
feature_fit_transform,regression,TabICLv2 Recipe,large,50000,100,40000,sigma_outlier,194.70815,205.922078,7.288790584893497,,cpu,,torch.float32,3,pass,False,False,True,False,False,False
target_fit,regression,TabICLv2 Recipe,large,50000,100,40000,sigma_outlier,0.571859,0.685871,0.07012944038149899,,cpu,,torch.float32,3,pass,False,False,True,False,False,False
target_transform,regression,TabICLv2 Recipe,large,50000,100,40000,sigma_outlier,0.197244,0.204473,0.0038051996881460293,,cpu,,torch.float32,3,pass,False,False,True,False,False,False
target_fit_transform,regression,TabICLv2 Recipe,large,50000,100,40000,sigma_outlier,0.694011,0.769182,0.03579741065434141,,cpu,,torch.float32,3,pass,False,False,True,False,False,False
target_inverse_transform,regression,TabICLv2 Recipe,large,50000,100,40000,sigma_outlier,33.199659,34.386247,0.7587788628715658,,cpu,,torch.float32,3,pass,False,False,True,False,False,False
model_output_inverse_mapping,regression,TabICLv2 Recipe,large,50000,100,40000,sigma_outlier,52.323853,52.545506,1.3659496310511126,,cpu,,torch.float32,3,pass,False,False,True,False,False,False
output_transform,regression,TabICLv2 Recipe,large,50000,100,40000,sigma_outlier,0.0265,0.029261,0.001405067100018912,,cpu,,torch.float32,3,pass,False,False,True,False,False,False
total_recipe_overhead,regression,TabICLv2 Recipe,large,50000,100,40000,sigma_outlier,395.044219,414.215424,16.918429075620853,,cpu,,torch.float32,3,pass,False,False,True,False,False,False
fit,regression,StandardScale,large,50000,100,40000,sigma_outlier,12.784674,13.060688,0.13333471283536374,,cpu,,torch.float32,3,pass,False,False,True,False,False,False
fit_transform,regression,StandardScale,large,50000,100,40000,sigma_outlier,13.992213,14.475091,0.24440505225865475,,cpu,,torch.float32,3,pass,False,False,True,False,False,False
transform,regression,StandardScale,large,50000,100,40000,sigma_outlier,1.968961,2.176974,0.10164587398195536,,cpu,,torch.float32,3,pass,False,False,True,False,False,False
inverse_transform,regression,StandardScale,large,50000,100,40000,sigma_outlier,1.809788,1.906211,0.06502178011678522,,cpu,,torch.float32,3,pass,False,False,True,False,False,False
transform,regression,HardClip,large,50000,100,40000,sigma_outlier,1.159019,1.27558,0.09231331269468485,,cpu,,torch.float32,3,pass,False,False,True,False,False,False
fit,regression,Power,large,50000,100,40000,sigma_outlier,6124.217956,6152.112597,78.2398985089891,,cpu,,torch.float32,3,pass,False,False,True,False,False,False
fit_transform,regression,Power,large,50000,100,40000,sigma_outlier,5987.565783,6231.419868,124.67938303302228,,cpu,,torch.float32,3,pass,False,False,True,False,False,False
transform,regression,Power,large,50000,100,40000,sigma_outlier,139.268374,150.761687,5.636717104972417,,cpu,,torch.float32,3,pass,False,False,True,False,False,False
inverse_transform,regression,Power,large,50000,100,40000,sigma_outlier,143.281708,144.67425,1.9692306541918003,,cpu,,torch.float32,3,pass,False,False,True,False,False,False
fit,regression,SigmaClip,large,50000,100,40000,sigma_outlier,55.209552,58.979812,1.8250072900523504,,cpu,,torch.float32,3,pass,False,False,True,False,False,False
fit_transform,regression,SigmaClip,large,50000,100,40000,sigma_outlier,113.524663,137.79508,11.590839645844085,,cpu,,torch.float32,3,pass,False,False,True,False,False,False
transform,regression,SigmaClip,large,50000,100,40000,sigma_outlier,21.029475,26.90162,5.443433856296124,,cpu,,torch.float32,3,pass,False,False,True,False,False,False
fit,regression,FeaturePermute,large,50000,100,40000,sigma_outlier,0.078782,0.079411,0.004314165066640617,,cpu,,torch.float32,3,pass,False,False,True,False,False,False
fit_transform,regression,FeaturePermute,large,50000,100,40000,sigma_outlier,3.796431,3.811351,0.29248084135584373,,cpu,,torch.float32,3,pass,False,False,True,False,False,False
transform,regression,FeaturePermute,large,50000,100,40000,sigma_outlier,3.875832,3.994674,0.6033251577943318,,cpu,,torch.float32,3,pass,False,False,True,False,False,False
inverse_transform,regression,FeaturePermute,large,50000,100,40000,sigma_outlier,2.299287,2.5247,0.10812404371625936,,cpu,,torch.float32,3,pass,False,False,True,False,False,False
transform,regression,SoftmaxTemperature,large,50000,100,40000,sigma_outlier,2.48785,2.648442,0.09721092921180341,,cpu,,torch.float32,3,pass,False,False,True,False,False,False
feature_fit,regression,TabICLv2 Recipe,large,50000,100,40000,categorical,195.870547,215.928018,9.4623583550479,,cpu,,torch.float32,3,pass,False,False,False,True,False,False
feature_transform,regression,TabICLv2 Recipe,large,50000,100,40000,categorical,103.850108,113.710796,5.814363986032006,,cpu,,torch.float32,3,pass,False,False,False,True,False,False
feature_fit_transform,regression,TabICLv2 Recipe,large,50000,100,40000,categorical,187.719747,194.324203,4.59004308506317,,cpu,,torch.float32,3,pass,False,False,False,True,False,False
target_fit,regression,TabICLv2 Recipe,large,50000,100,40000,categorical,0.580539,0.801503,0.11648415361565517,,cpu,,torch.float32,3,pass,False,False,False,True,False,False
target_transform,regression,TabICLv2 Recipe,large,50000,100,40000,categorical,0.325855,0.345995,0.06520705064297538,,cpu,,torch.float32,3,pass,False,False,False,True,False,False
target_fit_transform,regression,TabICLv2 Recipe,large,50000,100,40000,categorical,0.561979,0.669691,0.05488350713000119,,cpu,,torch.float32,3,pass,False,False,False,True,False,False
target_inverse_transform,regression,TabICLv2 Recipe,large,50000,100,40000,categorical,31.260539,31.704906,0.9311145932527441,,cpu,,torch.float32,3,pass,False,False,False,True,False,False
model_output_inverse_mapping,regression,TabICLv2 Recipe,large,50000,100,40000,categorical,45.052159,45.615849,1.718940262531218,,cpu,,torch.float32,3,pass,False,False,False,True,False,False
output_transform,regression,TabICLv2 Recipe,large,50000,100,40000,categorical,0.03164,0.048971,0.009816724176402001,,cpu,,torch.float32,3,pass,False,False,False,True,False,False
total_recipe_overhead,regression,TabICLv2 Recipe,large,50000,100,40000,categorical,471.54351,524.579556,43.65361766648229,,cpu,,torch.float32,3,pass,False,False,False,True,False,False
fit,regression,StandardScale,large,50000,100,40000,categorical,11.498944,11.90495,0.19671272353527758,,cpu,,torch.float32,3,pass,False,False,False,True,False,False
fit_transform,regression,StandardScale,large,50000,100,40000,categorical,13.258232,13.830461,0.27358853436867553,,cpu,,torch.float32,3,pass,False,False,False,True,False,False
transform,regression,StandardScale,large,50000,100,40000,categorical,2.139254,2.355317,0.17109047263363317,,cpu,,torch.float32,3,pass,False,False,False,True,False,False
inverse_transform,regression,StandardScale,large,50000,100,40000,categorical,1.86903,1.89605,0.15270267226432765,,cpu,,torch.float32,3,pass,False,False,False,True,False,False
transform,regression,HardClip,large,50000,100,40000,categorical,1.282951,1.322371,0.03745711118065567,,cpu,,torch.float32,3,pass,False,False,False,True,False,False
fit,regression,Power,large,50000,100,40000,categorical,5993.854039,6262.137765,343.33932882104176,,cpu,,torch.float32,3,pass,False,False,False,True,False,False
fit_transform,regression,Power,large,50000,100,40000,categorical,5416.975561,6105.817667,331.6574470040979,,cpu,,torch.float32,3,pass,False,False,False,True,False,False
transform,regression,Power,large,50000,100,40000,categorical,124.145008,124.17456,1.3162355709563036,,cpu,,torch.float32,3,pass,False,False,False,True,False,False
inverse_transform,regression,Power,large,50000,100,40000,categorical,129.89224,143.770901,7.804049280342628,,cpu,,torch.float32,3,pass,False,False,False,True,False,False
fit,regression,SigmaClip,large,50000,100,40000,categorical,58.835078,61.228576,6.077111327434952,,cpu,,torch.float32,3,pass,False,False,False,True,False,False
fit_transform,regression,SigmaClip,large,50000,100,40000,categorical,57.937343,60.021047,1.684711363699896,,cpu,,torch.float32,3,pass,False,False,False,True,False,False
transform,regression,SigmaClip,large,50000,100,40000,categorical,9.135735,9.928378,0.40583762926925476,,cpu,,torch.float32,3,pass,False,False,False,True,False,False
fit,regression,FeaturePermute,large,50000,100,40000,categorical,0.05344,0.060841,0.004377538146289786,,cpu,,torch.float32,3,pass,False,False,False,True,False,False
fit_transform,regression,FeaturePermute,large,50000,100,40000,categorical,1.796219,1.89977,0.049311982048540245,,cpu,,torch.float32,3,pass,False,False,False,True,False,False
transform,regression,FeaturePermute,large,50000,100,40000,categorical,3.329934,3.348523,0.030212913070775376,,cpu,,torch.float32,3,pass,False,False,False,True,False,False
inverse_transform,regression,FeaturePermute,large,50000,100,40000,categorical,3.287893,3.365214,0.35816327725618224,,cpu,,torch.float32,3,pass,False,False,False,True,False,False
transform,regression,SoftmaxTemperature,large,50000,100,40000,categorical,2.48308,2.50646,0.06857475257621351,,cpu,,torch.float32,3,pass,False,False,False,True,False,False
fit,regression,CategoricalAlign,large,50000,100,40000,categorical,7.170504,7.427858,0.401853017864603,,cpu,,torch.float32,3,pass,False,False,False,True,False,False
fit_transform,regression,CategoricalAlign,large,50000,100,40000,categorical,17.590951,18.718968,2.045620433184188,,cpu,,torch.float32,3,pass,False,False,False,True,False,False
transform,regression,CategoricalAlign,large,50000,100,40000,categorical,9.889597,11.407352,1.0689397568825953,,cpu,,torch.float32,3,pass,False,False,False,True,False,False
feature_fit,regression,TabICLv2 Recipe,large,50000,100,40000,missing,138.536981,169.505615,20.364403119035533,,cpu,,torch.float32,3,pass,False,False,False,False,True,False
feature_transform,regression,TabICLv2 Recipe,large,50000,100,40000,missing,65.836991,77.961654,5.90280223880163,,cpu,,torch.float32,3,pass,False,False,False,False,True,False
feature_fit_transform,regression,TabICLv2 Recipe,large,50000,100,40000,missing,128.003863,129.058109,2.074590649140904,,cpu,,torch.float32,3,pass,False,False,False,False,True,False
target_fit,regression,TabICLv2 Recipe,large,50000,100,40000,missing,0.567429,0.574899,0.022157576135990672,,cpu,,torch.float32,3,pass,False,False,False,False,True,False
target_transform,regression,TabICLv2 Recipe,large,50000,100,40000,missing,0.242284,0.242503,0.009885992795645537,,cpu,,torch.float32,3,pass,False,False,False,False,True,False
target_fit_transform,regression,TabICLv2 Recipe,large,50000,100,40000,missing,0.59679,0.60371,0.03992997443859268,,cpu,,torch.float32,3,pass,False,False,False,False,True,False
target_inverse_transform,regression,TabICLv2 Recipe,large,50000,100,40000,missing,27.755203,27.986117,4.169303384724439,,cpu,,torch.float32,3,pass,False,False,False,False,True,False
model_output_inverse_mapping,regression,TabICLv2 Recipe,large,50000,100,40000,missing,47.547609,48.894711,3.322615130865277,,cpu,,torch.float32,3,pass,False,False,False,False,True,False
output_transform,regression,TabICLv2 Recipe,large,50000,100,40000,missing,0.022481,0.028401,0.0028770170122696327,,cpu,,torch.float32,3,pass,False,False,False,False,True,False
total_recipe_overhead,regression,TabICLv2 Recipe,large,50000,100,40000,missing,317.10773,372.034257,31.015325492427493,,cpu,,torch.float32,3,pass,False,False,False,False,True,False
feature_fit,regression,TabICLv2 Recipe,large,50000,100,40000,unknown_category,260.656479,280.429264,35.52867336749865,,cpu,,torch.float32,3,pass,False,False,False,False,False,True
feature_transform,regression,TabICLv2 Recipe,large,50000,100,40000,unknown_category,112.915352,126.626691,17.072089030161496,,cpu,,torch.float32,3,pass,False,False,False,False,False,True
feature_fit_transform,regression,TabICLv2 Recipe,large,50000,100,40000,unknown_category,202.742685,209.051415,3.280181762545212,,cpu,,torch.float32,3,pass,False,False,False,False,False,True
target_fit,regression,TabICLv2 Recipe,large,50000,100,40000,unknown_category,0.893874,0.928815,0.11143028702686214,,cpu,,torch.float32,3,pass,False,False,False,False,False,True
target_transform,regression,TabICLv2 Recipe,large,50000,100,40000,unknown_category,0.202863,0.210984,0.004062248993955061,,cpu,,torch.float32,3,pass,False,False,False,False,False,True
target_fit_transform,regression,TabICLv2 Recipe,large,50000,100,40000,unknown_category,0.532178,0.6061,0.040476575953122415,,cpu,,torch.float32,3,pass,False,False,False,False,False,True
target_inverse_transform,regression,TabICLv2 Recipe,large,50000,100,40000,unknown_category,30.462176,33.435723,1.6777471989828778,,cpu,,torch.float32,3,pass,False,False,False,False,False,True
model_output_inverse_mapping,regression,TabICLv2 Recipe,large,50000,100,40000,unknown_category,52.763562,58.844939,5.070065616158498,,cpu,,torch.float32,3,pass,False,False,False,False,False,True
output_transform,regression,TabICLv2 Recipe,large,50000,100,40000,unknown_category,0.02909,0.040821,0.005836189224713904,,cpu,,torch.float32,3,pass,False,False,False,False,False,True
total_recipe_overhead,regression,TabICLv2 Recipe,large,50000,100,40000,unknown_category,384.238511,488.15762,50.858330154310984,,cpu,,torch.float32,3,pass,False,False,False,False,False,True
feature_fit,regression,TabICLv2 Recipe,large,50000,100,40000,constant+hard_outlier+categorical+missing+unknown_category,245.923645,292.034329,34.959779925311366,,cpu,,torch.float32,3,pass,True,True,False,True,True,True
feature_transform,regression,TabICLv2 Recipe,large,50000,100,40000,constant+hard_outlier+categorical+missing+unknown_category,78.299419,78.854869,0.28661643420780836,,cpu,,torch.float32,3,pass,True,True,False,True,True,True
feature_fit_transform,regression,TabICLv2 Recipe,large,50000,100,40000,constant+hard_outlier+categorical+missing+unknown_category,195.691992,221.270211,17.404725224867413,,cpu,,torch.float32,3,pass,True,True,False,True,True,True
target_fit,regression,TabICLv2 Recipe,large,50000,100,40000,constant+hard_outlier+categorical+missing+unknown_category,0.60041,0.63403,0.0172060223371547,,cpu,,torch.float32,3,pass,True,True,False,True,True,True
target_transform,regression,TabICLv2 Recipe,large,50000,100,40000,constant+hard_outlier+categorical+missing+unknown_category,0.233234,0.257345,0.012623498643403099,,cpu,,torch.float32,3,pass,True,True,False,True,True,True
target_fit_transform,regression,TabICLv2 Recipe,large,50000,100,40000,constant+hard_outlier+categorical+missing+unknown_category,0.565349,0.61559,0.031159895596031044,,cpu,,torch.float32,3,pass,True,True,False,True,True,True
target_inverse_transform,regression,TabICLv2 Recipe,large,50000,100,40000,constant+hard_outlier+categorical+missing+unknown_category,34.019293,34.226646,1.5639885808948721,,cpu,,torch.float32,3,pass,True,True,False,True,True,True
model_output_inverse_mapping,regression,TabICLv2 Recipe,large,50000,100,40000,constant+hard_outlier+categorical+missing+unknown_category,48.450243,53.772518,3.752762385302354,,cpu,,torch.float32,3,pass,True,True,False,True,True,True
output_transform,regression,TabICLv2 Recipe,large,50000,100,40000,constant+hard_outlier+categorical+missing+unknown_category,0.02453,0.02454,0.00015326085243430227,,cpu,,torch.float32,3,pass,True,True,False,True,True,True
total_recipe_overhead,regression,TabICLv2 Recipe,large,50000,100,40000,constant+hard_outlier+categorical+missing+unknown_category,455.235876,475.075881,17.3604550831763,,cpu,,torch.float32,3,pass,True,True,False,True,True,True
feature_fit,regression,TabICLv2 Recipe,large,50000,100,40000,constant+hard_outlier+sigma_outlier+categorical+missing+unknown_category,198.230344,200.972018,5.182433563415637,,cpu,,torch.float32,3,pass,True,True,True,True,True,True
feature_transform,regression,TabICLv2 Recipe,large,50000,100,40000,constant+hard_outlier+sigma_outlier+categorical+missing+unknown_category,84.108772,86.876086,1.5416723357983684,,cpu,,torch.float32,3,pass,True,True,True,True,True,True
feature_fit_transform,regression,TabICLv2 Recipe,large,50000,100,40000,constant+hard_outlier+sigma_outlier+categorical+missing+unknown_category,203.276335,290.652889,43.279767077865465,,cpu,,torch.float32,3,pass,True,True,True,True,True,True
target_fit,regression,TabICLv2 Recipe,large,50000,100,40000,constant+hard_outlier+sigma_outlier+categorical+missing+unknown_category,1.285981,2.201995,0.5715027561656102,,cpu,,torch.float32,3,pass,True,True,True,True,True,True
target_transform,regression,TabICLv2 Recipe,large,50000,100,40000,constant+hard_outlier+sigma_outlier+categorical+missing+unknown_category,0.376095,20.556038,9.531335363691573,,cpu,,torch.float32,3,pass,True,True,True,True,True,True
target_fit_transform,regression,TabICLv2 Recipe,large,50000,100,40000,constant+hard_outlier+sigma_outlier+categorical+missing+unknown_category,0.762773,1.033546,0.14389270309582147,,cpu,,torch.float32,3,pass,True,True,True,True,True,True
target_inverse_transform,regression,TabICLv2 Recipe,large,50000,100,40000,constant+hard_outlier+sigma_outlier+categorical+missing+unknown_category,38.088758,47.041711,4.3885436750630875,,cpu,,torch.float32,3,pass,True,True,True,True,True,True
model_output_inverse_mapping,regression,TabICLv2 Recipe,large,50000,100,40000,constant+hard_outlier+sigma_outlier+categorical+missing+unknown_category,50.676019,57.380915,3.8535955717387713,,cpu,,torch.float32,3,pass,True,True,True,True,True,True
output_transform,regression,TabICLv2 Recipe,large,50000,100,40000,constant+hard_outlier+sigma_outlier+categorical+missing+unknown_category,0.030441,0.077802,0.02349392012604301,,cpu,,torch.float32,3,pass,True,True,True,True,True,True
total_recipe_overhead,regression,TabICLv2 Recipe,large,50000,100,40000,constant+hard_outlier+sigma_outlier+categorical+missing+unknown_category,425.203586,521.721237,49.03087246709635,,cpu,,torch.float32,3,pass,True,True,True,True,True,True
total_recipe_overhead,regression,TabICLv2 Recipe,large,50000,100,40000,missing+unknown_category,371.693962,390.591503,8.972687062454593,,cpu,,torch.float32,3,pass,False,False,False,False,True,True
total_recipe_overhead,regression,TabICLv2 Recipe,large,50000,100,40000,categorical+unknown_category,413.694953,456.792601,28.430536193478925,,cpu,,torch.float32,3,pass,False,False,False,True,False,True
total_recipe_overhead,regression,TabICLv2 Recipe,large,50000,100,40000,categorical+missing,407.500164,428.387578,10.835556725416321,,cpu,,torch.float32,3,pass,False,False,False,True,True,False
total_recipe_overhead,regression,TabICLv2 Recipe,large,50000,100,40000,categorical+missing+unknown_category,399.116307,430.376785,27.562810652425277,,cpu,,torch.float32,3,pass,False,False,False,True,True,True
total_recipe_overhead,regression,TabICLv2 Recipe,large,50000,100,40000,sigma_outlier+unknown_category,394.401252,403.72464,4.926383067798963,,cpu,,torch.float32,3,pass,False,False,True,False,False,True
total_recipe_overhead,regression,TabICLv2 Recipe,large,50000,100,40000,sigma_outlier+missing,375.708354,397.281457,33.40583353206004,,cpu,,torch.float32,3,pass,False,False,True,False,True,False
total_recipe_overhead,regression,TabICLv2 Recipe,large,50000,100,40000,sigma_outlier+missing+unknown_category,422.593341,430.441447,4.718856817835707,,cpu,,torch.float32,3,pass,False,False,True,False,True,True
total_recipe_overhead,regression,TabICLv2 Recipe,large,50000,100,40000,sigma_outlier+categorical,447.485869,553.387528,60.51433792575894,,cpu,,torch.float32,3,pass,False,False,True,True,False,False
total_recipe_overhead,regression,TabICLv2 Recipe,large,50000,100,40000,sigma_outlier+categorical+unknown_category,403.937014,417.745754,12.796430363297924,,cpu,,torch.float32,3,pass,False,False,True,True,False,True
total_recipe_overhead,regression,TabICLv2 Recipe,large,50000,100,40000,sigma_outlier+categorical+missing,466.698988,477.749254,12.893061671114271,,cpu,,torch.float32,3,pass,False,False,True,True,True,False
total_recipe_overhead,regression,TabICLv2 Recipe,large,50000,100,40000,sigma_outlier+categorical+missing+unknown_category,256.92686,264.080595,3.4276288277187668,,cpu,,torch.float32,3,pass,False,False,True,True,True,True
total_recipe_overhead,regression,TabICLv2 Recipe,large,50000,100,40000,hard_outlier+unknown_category,467.456751,468.258903,25.169580144695193,,cpu,,torch.float32,3,pass,False,True,False,False,False,True
total_recipe_overhead,regression,TabICLv2 Recipe,large,50000,100,40000,hard_outlier+missing,368.737135,373.202955,3.141129860301997,,cpu,,torch.float32,3,pass,False,True,False,False,True,False
total_recipe_overhead,regression,TabICLv2 Recipe,large,50000,100,40000,hard_outlier+missing+unknown_category,506.005595,535.362944,53.27111069883439,,cpu,,torch.float32,3,pass,False,True,False,False,True,True
total_recipe_overhead,regression,TabICLv2 Recipe,large,50000,100,40000,hard_outlier+categorical,602.630907,625.904828,95.69271079979333,,cpu,,torch.float32,3,pass,False,True,False,True,False,False
total_recipe_overhead,regression,TabICLv2 Recipe,large,50000,100,40000,hard_outlier+categorical+unknown_category,421.331047,460.288048,31.665900986969174,,cpu,,torch.float32,3,pass,False,True,False,True,False,True
total_recipe_overhead,regression,TabICLv2 Recipe,large,50000,100,40000,hard_outlier+categorical+missing,660.548085,808.123662,138.8545881665923,,cpu,,torch.float32,3,pass,False,True,False,True,True,False
total_recipe_overhead,regression,TabICLv2 Recipe,large,50000,100,40000,hard_outlier+categorical+missing+unknown_category,421.582181,423.536731,11.570467270524327,,cpu,,torch.float32,3,pass,False,True,False,True,True,True
total_recipe_overhead,regression,TabICLv2 Recipe,large,50000,100,40000,hard_outlier+sigma_outlier,265.54874,426.185544,79.64885465719208,,cpu,,torch.float32,3,pass,False,True,True,False,False,False
total_recipe_overhead,regression,TabICLv2 Recipe,large,50000,100,40000,hard_outlier+sigma_outlier+unknown_category,474.80181,491.088029,14.578794986895216,,cpu,,torch.float32,3,pass,False,True,True,False,False,True
total_recipe_overhead,regression,TabICLv2 Recipe,large,50000,100,40000,hard_outlier+sigma_outlier+missing,456.179252,549.865318,47.89602391214203,,cpu,,torch.float32,3,pass,False,True,True,False,True,False
total_recipe_overhead,regression,TabICLv2 Recipe,large,50000,100,40000,hard_outlier+sigma_outlier+missing+unknown_category,428.170745,453.432258,12.837126982919667,,cpu,,torch.float32,3,pass,False,True,True,False,True,True
total_recipe_overhead,regression,TabICLv2 Recipe,large,50000,100,40000,hard_outlier+sigma_outlier+categorical,520.115583,587.107042,46.74132057092841,,cpu,,torch.float32,3,pass,False,True,True,True,False,False
total_recipe_overhead,regression,TabICLv2 Recipe,large,50000,100,40000,hard_outlier+sigma_outlier+categorical+unknown_category,465.091104,495.555731,42.32622315972678,,cpu,,torch.float32,3,pass,False,True,True,True,False,True
total_recipe_overhead,regression,TabICLv2 Recipe,large,50000,100,40000,hard_outlier+sigma_outlier+categorical+missing,693.774635,701.203283,84.90966797533929,,cpu,,torch.float32,3,pass,False,True,True,True,True,False
total_recipe_overhead,regression,TabICLv2 Recipe,large,50000,100,40000,hard_outlier+sigma_outlier+categorical+missing+unknown_category,412.444974,432.977211,15.652108313798305,,cpu,,torch.float32,3,pass,False,True,True,True,True,True
total_recipe_overhead,regression,TabICLv2 Recipe,large,50000,100,40000,constant+unknown_category,442.056485,539.622974,53.50601780848325,,cpu,,torch.float32,3,pass,True,False,False,False,False,True
total_recipe_overhead,regression,TabICLv2 Recipe,large,50000,100,40000,constant+missing,336.533302,341.092485,3.628019513083231,,cpu,,torch.float32,3,pass,True,False,False,False,True,False
total_recipe_overhead,regression,TabICLv2 Recipe,large,50000,100,40000,constant+missing+unknown_category,409.175561,432.336461,13.657010343152463,,cpu,,torch.float32,3,pass,True,False,False,False,True,True
total_recipe_overhead,regression,TabICLv2 Recipe,large,50000,100,40000,constant+categorical,425.059745,742.006954,157.0841081931036,,cpu,,torch.float32,3,pass,True,False,False,True,False,False
total_recipe_overhead,regression,TabICLv2 Recipe,large,50000,100,40000,constant+categorical+unknown_category,533.269812,563.950772,36.21785858511802,,cpu,,torch.float32,3,pass,True,False,False,True,False,True
total_recipe_overhead,regression,TabICLv2 Recipe,large,50000,100,40000,constant+categorical+missing,506.965302,617.454916,62.78067590024665,,cpu,,torch.float32,3,pass,True,False,False,True,True,False
total_recipe_overhead,regression,TabICLv2 Recipe,large,50000,100,40000,constant+categorical+missing+unknown_category,399.993425,425.040275,14.522494597258664,,cpu,,torch.float32,3,pass,True,False,False,True,True,True
total_recipe_overhead,regression,TabICLv2 Recipe,large,50000,100,40000,constant+sigma_outlier,471.331134,561.672556,54.16874737378225,,cpu,,torch.float32,3,pass,True,False,True,False,False,False
total_recipe_overhead,regression,TabICLv2 Recipe,large,50000,100,40000,constant+sigma_outlier+unknown_category,397.804091,402.357153,4.0568978437326475,,cpu,,torch.float32,3,pass,True,False,True,False,False,True
total_recipe_overhead,regression,TabICLv2 Recipe,large,50000,100,40000,constant+sigma_outlier+missing,474.361612,549.607953,49.35866905394653,,cpu,,torch.float32,3,pass,True,False,True,False,True,False
total_recipe_overhead,regression,TabICLv2 Recipe,large,50000,100,40000,constant+sigma_outlier+missing+unknown_category,395.177809,404.04942,6.6475495255079196,,cpu,,torch.float32,3,pass,True,False,True,False,True,True
total_recipe_overhead,regression,TabICLv2 Recipe,large,50000,100,40000,constant+sigma_outlier+categorical,504.768878,680.261089,114.42385898007966,,cpu,,torch.float32,3,pass,True,False,True,True,False,False
total_recipe_overhead,regression,TabICLv2 Recipe,large,50000,100,40000,constant+sigma_outlier+categorical+unknown_category,339.742614,340.980643,4.541513400147898,,cpu,,torch.float32,3,pass,True,False,True,True,False,True
total_recipe_overhead,regression,TabICLv2 Recipe,large,50000,100,40000,constant+sigma_outlier+categorical+missing,532.495311,572.570471,44.02780419987258,,cpu,,torch.float32,3,pass,True,False,True,True,True,False
total_recipe_overhead,regression,TabICLv2 Recipe,large,50000,100,40000,constant+sigma_outlier+categorical+missing+unknown_category,407.212551,407.736189,5.238468060272497,,cpu,,torch.float32,3,pass,True,False,True,True,True,True
total_recipe_overhead,regression,TabICLv2 Recipe,large,50000,100,40000,constant+hard_outlier,460.819527,607.201414,85.9177398599468,,cpu,,torch.float32,3,pass,True,True,False,False,False,False
total_recipe_overhead,regression,TabICLv2 Recipe,large,50000,100,40000,constant+hard_outlier+unknown_category,387.700969,458.691802,34.12533425730462,,cpu,,torch.float32,3,pass,True,True,False,False,False,True
total_recipe_overhead,regression,TabICLv2 Recipe,large,50000,100,40000,constant+hard_outlier+missing,455.990199,610.016079,93.71920119180332,,cpu,,torch.float32,3,pass,True,True,False,False,True,False
total_recipe_overhead,regression,TabICLv2 Recipe,large,50000,100,40000,constant+hard_outlier+missing+unknown_category,423.360059,501.040639,43.736531741363166,,cpu,,torch.float32,3,pass,True,True,False,False,True,True
total_recipe_overhead,regression,TabICLv2 Recipe,large,50000,100,40000,constant+hard_outlier+categorical,492.669756,671.018923,114.63058191391794,,cpu,,torch.float32,3,pass,True,True,False,True,False,False
total_recipe_overhead,regression,TabICLv2 Recipe,large,50000,100,40000,constant+hard_outlier+categorical+unknown_category,446.527659,569.95724,68.61446713574277,,cpu,,torch.float32,3,pass,True,True,False,True,False,True
total_recipe_overhead,regression,TabICLv2 Recipe,large,50000,100,40000,constant+hard_outlier+categorical+missing,409.484387,603.841751,94.48613602039082,,cpu,,torch.float32,3,pass,True,True,False,True,True,False
total_recipe_overhead,regression,TabICLv2 Recipe,large,50000,100,40000,constant+hard_outlier+sigma_outlier,361.066714,362.182602,3.067549797506379,,cpu,,torch.float32,3,pass,True,True,True,False,False,False
total_recipe_overhead,regression,TabICLv2 Recipe,large,50000,100,40000,constant+hard_outlier+sigma_outlier+unknown_category,434.438835,764.919421,163.73842972325755,,cpu,,torch.float32,3,pass,True,True,True,False,False,True
total_recipe_overhead,regression,TabICLv2 Recipe,large,50000,100,40000,constant+hard_outlier+sigma_outlier+missing,365.826401,387.683949,11.641009484644426,,cpu,,torch.float32,3,pass,True,True,True,False,True,False
total_recipe_overhead,regression,TabICLv2 Recipe,large,50000,100,40000,constant+hard_outlier+sigma_outlier+missing+unknown_category,622.157611,634.266005,113.13986859811662,,cpu,,torch.float32,3,pass,True,True,True,False,True,True
total_recipe_overhead,regression,TabICLv2 Recipe,large,50000,100,40000,constant+hard_outlier+sigma_outlier+categorical,402.292572,436.507688,16.23548889436496,,cpu,,torch.float32,3,pass,True,True,True,True,False,False
total_recipe_overhead,regression,TabICLv2 Recipe,large,50000,100,40000,constant+hard_outlier+sigma_outlier+categorical+unknown_category,496.107149,510.029292,63.97564030624274,,cpu,,torch.float32,3,pass,True,True,True,True,False,True
total_recipe_overhead,regression,TabICLv2 Recipe,large,50000,100,40000,constant+hard_outlier+sigma_outlier+categorical+missing,514.823328,546.454253,54.24924379915792,,cpu,,torch.float32,3,pass,True,True,True,True,True,False
